Workbook

Sheet 혈맹원 정보
A1: 닉네임 | B1: 직책 | C1: 클래스 | D1: 속성 | E1: 디코고유id | F1: 연락처 | G1: 특이사항 | K1: 닉네임 | L1: 직책 | M1: 클래스 | N1: 속성 | O1: 연락처 | P1: 특이사황ㄹ
A2: 개백수 | B2: 혈맹원 | C2: 기사 | D2: 속성X | E2: 1053683139056255027 | I2: =ISTEXT(E2) -> TRUE | K2: 개백수 | L2: 혈맹원 | M2: 기사 | N2: 속성X
A3: 김현지 | B3: 혈맹원 | C3: 마법사 | E3: 1482308176677437453 | I3: =ISTEXT(E3) -> TRUE
A4: 꽃냥 | B4: 혈맹원 | C4: 기사 | E4: 1346882990118273115 | I4: =ISTEXT(E4) -> TRUE | K4: 김현지 | L4: 혈맹원 | M4: 마법사
A5: 다뢰 | B5: 혈맹원 | C5: 요정 | D5: 땅 | E5: 376298390822060034 | I5: =ISTEXT(E5) -> TRUE | K5: 꼬치 | L5: 혈맹원 | M5: 요정
A6: 닥스 | B6: 혈맹원 | C6: 요정 | D6: 땅 | E6: 312126990935130124 | I6: =ISTEXT(E6) -> TRUE | K6: 꽃냥 | L6: 혈맹원 | M6: 기사
A7: 당구장 | B7: 혈맹원 | C7: 요정 | E7: 1262879302110937170 | I7: =ISTEXT(E7) -> TRUE
A8: 대곡주 | B8: 혈맹원 | C8: 요정 | E8: 1331168014845874209 | I8: =ISTEXT(E8) -> TRUE | K8: 다뢰 | L8: 혈맹원 | M8: 요정 | N8: 땅
A9: 덱스 | B9: 혈맹원 | C9: 기사 | E9: 569894354504777749 | I9: =ISTEXT(E9) -> TRUE | K9: 닥스 | L9: 혈맹원 | M9: 요정 | N9: 땅
A10: 두끗 | B10: 혈맹원 | C10: 요정 | E10: 388675531538956289 | I10: =ISTEXT(E10) -> TRUE | K10: 대곡주 | L10: 혈맹원 | M10: 요정
A11: 두둥탁 | B11: 혈맹원 | C11: 마법사 | D11: 속성X | E11: 790465405164453908 | I11: =ISTEXT(E11) -> TRUE | K11: 대방이 | L11: 혈맹원 | M11: 요정
A12: 드레이크 | B12: 혈맹원 | C12: 기사 | D12: 속성X | E12: 711844803767435315 | I12: =ISTEXT(E12) -> TRUE | K12: 대위덕명왕 | L12: 혈맹원 | M12: 기사 | N12: 속성X | O12: 010-9183-9630
A13: 드레이크1 | B13: 혈맹원 | C13: 기사 | E13: 382752304962469890 | I13: =ISTEXT(E13) -> TRUE | K13: 덱스 | L13: 혈맹원 | M13: 기사
A14: 또가스 | B14: 혈맹원 | C14: 요정 | E14: 426032303555477505 | I14: =ISTEXT(E14) -> TRUE | K14: 두둥탁 | L14: 혈맹원 | M14: 마법사 | N14: 속성X
A15: 레오나르도 | B15: 혈맹원 | C15: 요정 | E15: 330757131504582658 | I15: =ISTEXT(E15) -> TRUE | K15: 드레이크 | L15: 혈맹원 | M15: 기사 | N15: 속성X
A16: 민창 | B16: 혈맹원 | C16: 요정 | E16: 561208372171505683 | I16: =ISTEXT(E16) -> TRUE | K16: 드레이크1 | L16: 혈맹원 | M16: 기사
A17: 밀떡 | B17: 혈맹원 | C17: 요정 | E17: 1483830618507841587 | I17: =ISTEXT(E17) -> TRUE | K17: 레오나르도 | L17: 혈맹원 | M17: 요정
A18: 뱀 | B18: 혈맹원 | C18: 마법사 | E18: 442636969193766924 | I18: =ISTEXT(E18) -> TRUE | K18: 민창 | L18: 혈맹원 | M18: 요정
A19: 복식 | B19: 혈맹원 | C19: 요정 | D19: 바람 | E19: 1108135082461511814 | I19: =ISTEXT(E19) -> TRUE | K19: 밀끄 | L19: 혈맹원 | M19: 요정
A20: 비에고 | B20: 혈맹원 | C20: 기사 | D20: 속성X | E20: 939455236739837982 | I20: =ISTEXT(E20) -> TRUE | K20: 밀떡 | L20: 혈맹원 | M20: 요정
A21: 새롬 | B21: 혈맹원 | C21: 요정 | E21: 914856849310900234 | I21: =ISTEXT(E21) -> TRUE | K21: 버프의신 | L21: 혈맹원
A22: 세끗 | B22: 혈맹원 | C22: 요정 | E22: 1490259813962350592 | I22: =ISTEXT(E22) -> TRUE | K22: 복식 | L22: 혈맹원 | M22: 요정 | N22: 바람
A23: 세이버 | B23: 혈맹원 | C23: 요정 | E23: 1278304254955884730 | I23: =ISTEXT(E23) -> TRUE | K23: 복쫄 | L23: 혈맹원 | M23: 마법사 | N23: 속성X
A24: 스타 | B24: 혈맹원 | C24: 마법사 | D24: 속성X | E24: 397696170346151946 | I24: =ISTEXT(E24) -> TRUE | K24: 비에고 | L24: 혈맹원 | M24: 기사 | N24: 속성X
A25: 스타1 | B25: 혈맹원 | C25: 마법사 | E25: 612606740541997066 | G25: 스타부주1 | I25: =ISTEXT(E25) -> TRUE | K25: 비에고1 | L25: 혈맹원 | M25: 요정
A26: 스팸라이트 | B26: 혈맹원 | C26: 요정 | E26: 1489588682376613888 | I26: =ISTEXT(E26) -> TRUE | K26: 뽀둥뽀둥 | L26: 혈맹원
A27: 시드랏슈 | B27: 부군주 | C27: 마법사 | D27: 속성X | E27: 583263839856885770 | I27: =ISTEXT(E27) -> TRUE | K27: 세이버 | L27: 혈맹원 | M27: 요정
A28: 시진핑 | B28: 혈맹원 | C28: 마법사 | E28: 1343575157842640957 | I28: =ISTEXT(E28) -> TRUE | K28: 스타 | L28: 혈맹원 | M28: 마법사 | N28: 속성X
A29: 신문 | B29: 혈맹원 | C29: 요정 | E29: 661750424591663134 | I29: =ISTEXT(E29) -> TRUE | K29: 스팸라이트 | L29: 혈맹원 | M29: 요정
A30: 쌀떡 | B30: 혈맹원 | C30: 요정 | E30: 1487057737832464544 | I30: =ISTEXT(E30) -> TRUE | K30: 시드랏슈 | L30: 부군주 | M30: 마법사 | N30: 속성X
A31: 쌀떡 | B31: 혈맹원 | C31: 요정 | E31: 1487057737832464544 | I31: =ISTEXT(E31) -> TRUE | K31: 시진핑 | L31: 혈맹원 | M31: 마법사
A32: 썽이 | B32: 혈맹원 | C32: 요정 | E32: 576257871612870656 | G32: 드레이크 썽이 | I32: =ISTEXT(E32) -> TRUE | K32: 신문 | L32: 혈맹원 | M32: 요정
A33: 쑥떡 | B33: 혈맹원 | C33: 요정 | E33: 373116772166926337 | I33: =ISTEXT(E33) -> TRUE | K33: 쌀떡 | L33: 혈맹원 | M33: 요정
A34: 아스테어 | B34: 혈맹원 | C34: 기사 | D34: 속성X | E34: 538344294579437598 | I34: =ISTEXT(E34) -> TRUE | K34: 쑥떡 | L34: 혈맹원 | M34: 요정
A35: 악당 | B35: 혈맹원 | C35: 요정 | E35: 366506563957030913 | I35: =ISTEXT(E35) -> TRUE | K35: 아스테어 | L35: 혈맹원 | M35: 기사 | N35: 속성X
A36: 악당1 | B36: 혈맹원 | C36: 요정 | E36: 366506563957030913 | G36: 악당 부주 조커 | I36: =ISTEXT(E36) -> TRUE | K36: 악당 | L36: 혈맹원 | M36: 요정
A37: 어쩐지 | B37: 혈맹원 | C37: 마법사 | E37: 721281407288213544 | I37: =ISTEXT(E37) -> TRUE | K37: 악풍 | L37: 혈맹원 | M37: 요정
A38: 얼음여왕 | B38: 혈맹원 | C38: 요정 | E38: 865842387347046440 | I38: =ISTEXT(E38) -> TRUE | K38: 안선호 | L38: 혈맹원 | M38: 기사 | N38: 속성X
A39: 에바 | B39: 혈맹원 | C39: 마법사 | D39: 속성X | E39: 1353407800679596115 | I39: =ISTEXT(E39) -> TRUE | K39: 어쩐지 | L39: 혈맹원 | M39: 마법사
A40: 역도 | B40: 혈맹원 | C40: 기사 | E40: 346930383591571457 | I40: =ISTEXT(E40) -> TRUE | K40: 에바 | L40: 혈맹원 | M40: 마법사 | N40: 속성X
A41: 요요미 | B41: 혈맹원 | C41: 요정 | E41: 553214590926848000 | F41: 010-5112-5979 | I41: =ISTEXT(E41) -> TRUE | K41: 역도 | L41: 혈맹원 | M41: 기사
A42: 유니세프 | B42: 혈맹원 | C42: 마법사 | E42: 986275047322816572 | I42: =ISTEXT(E42) -> TRUE | K42: 요요미 | L42: 혈맹원 | M42: 요정 | O42: 010-5112-5979
A43: 육떡 | B43: 혈맹원 | C43: 요정 | E43: 335064580977852417 | I43: =ISTEXT(E43) -> TRUE | K43: 육떡 | L43: 혈맹원 | M43: 요정
A44: 윤짱 | B44: 혈맹원 | C44: 요정 | E44: 505937958256246784 | I44: =ISTEXT(E44) -> TRUE | K44: 윤겔라 | L44: 혈맹원 | M44: 마법사 | N44: 속성X
A45: 이중 | B45: 혈맹원 | C45: 기사 | D45: 속성X | E45: 853460881970036746 | F45: 010-7643-5814 | I45: =ISTEXT(E45) -> TRUE | K45: 윤짱 | L45: 혈맹원 | M45: 요정
A46: 자자 | B46: 혈맹원 | C46: 기사 | E46: 1020371875743924264 | I46: =ISTEXT(E46) -> TRUE | K46: 이중 | L46: 혈맹원 | M46: 기사 | N46: 속성X | O46: 010-7643-5814
A47: 자자1 | B47: 혈맹원 | C47: 요정 | E47: 844817980709011477 | G47: 자자 누나 부주 | I47: =ISTEXT(E47) -> TRUE | K47: 자자 | L47: 혈맹원 | M47: 기사
A48: 잭스 | B48: 혈맹원 | C48: 마법사 | E48: 398886665118285824 | I48: =ISTEXT(E48) -> TRUE | K48: 잭스 | L48: 혈맹원 | M48: 마법사
A49: 전생 | B49: 혈맹원 | C49: 마법사 | E49: 331857804920881174 | I49: =ISTEXT(E49) -> TRUE | K49: 저팔게 | L49: 혈맹원 | M49: 기사
A50: 졋탱 | B50: 혈맹원 | C50: 요정 | D50: 바람 | E50: 1066680050600120320 | F50: 010-6318-5446 | I50: =ISTEXT(E50) -> TRUE | K50: 전생 | L50: 혈맹원 | M50: 마법사
A51: 주짱 | B51: 혈맹원 | C51: 요정 | D51: 바람 | E51: 759374340306632705 | I51: =ISTEXT(E51) -> TRUE | K51: 졋탱 | L51: 혈맹원 | M51: 요정 | N51: 바람 | O51: 010-6318-5446
A52: 쥬드 | B52: 혈맹원 | C52: 요정 | D52: 불 | E52: 886218457845223474 | I52: =ISTEXT(E52) -> TRUE | K52: 주짱 | L52: 혈맹원 | M52: 요정 | N52: 바람
A53: 최민우 | B53: 혈맹원 | C53: 기사 | D53: 속성X | E53: 1482709604847718581 | I53: =ISTEXT(E53) -> TRUE | K53: 쥬드 | L53: 혈맹원 | M53: 요정 | N53: 불
A54: 최선미 | B54: 혈맹원 | C54: 요정 | E54: 1211512803706540084 | I54: =ISTEXT(E54) -> TRUE | K54: 찬우 | L54: 혈맹원 | M54: 요정
A55: 턳 | B55: 혈맹원 | C55: 마법사 | D55: 속성X | E55: 1213641288390414410 | F55: 010-5966-3237 | I55: =ISTEXT(E55) -> TRUE | K55: 최민우 | L55: 혈맹원 | M55: 기사 | N55: 속성X
A56: 파아그리오 | B56: 혈맹원 | C56: 요정 | E56: 420889565725851649 | I56: =ISTEXT(E56) -> TRUE | K56: 최선미 | L56: 혈맹원 | M56: 요정
A57: 팽자 | B57: 혈맹원 | C57: 요정 | E57: 1261275854508396708 | I57: =ISTEXT(E57) -> TRUE | K57: 캐스톨 | L57: 혈맹원 | M57: 요정 | N57: 땅
A58: 포카칩 | B58: 군주 | C58: 군주 | D58: 속성X | E58: 711844803767435315 | I58: =ISTEXT(E58) -> TRUE | K58: 턳 | L58: 혈맹원 | M58: 마법사 | N58: 속성X | O58: 010-5966-3237
A59: 하아이 | B59: 혈맹원 | C59: 요정 | D59: 바람 | E59: 322353660938158081 | I59: =ISTEXT(E59) -> TRUE | K59: 파아그리오 | L59: 혈맹원 | M59: 요정
A60: 한끗 | B60: 혈맹원 | C60: 요정 | E60: 368726909011361793 | I60: =ISTEXT(E60) -> TRUE | K60: 팽자 | L60: 혈맹원 | M60: 요정
A61: 해하 | B61: 혈맹원 | C61: 요정 | E61: 1392309791916818543 | I61: =ISTEXT(E61) -> TRUE | K61: 포카칩 | L61: 군주 | M61: 군주 | N61: 속성X
A62: 화장실 | B62: 혈맹원 | C62: 요정 | E62: 496286834309988381 | I62: =ISTEXT(E62) -> TRUE | K62: 하아이 | L62: 혈맹원 | M62: 요정 | N62: 바람
A63: ECO | B63: 혈맹원 | C63: 요정 | E63: 1005629884246282301 | F63: 010-5518-7977 | I63: =ISTEXT(E63) -> TRUE | K63: 해하 | L63: 혈맹원 | M63: 요정
A64: OSAKA | B64: 혈맹원 | C64: 요정 | D64: 바람 | E64: 310008488245985292 | I64: =ISTEXT(E64) -> TRUE | K64: 헤이헤이군주 | L64: 혈맹원
I65: =ISTEXT(E65) -> FALSE | K65: 흑마술사 | L65: 혈맹원 | M65: 마법사 | O65: 010-6704-5846
I66: =ISTEXT(E66) -> FALSE | K66: 힘 | L66: 혈맹원 | M66: 기사
I67: =ISTEXT(E67) -> FALSE | K67: ECO | L67: 혈맹원 | M67: 요정 | O67: 010-5518-7977
I68: =ISTEXT(E68) -> FALSE | K68: OSAKA | L68: 혈맹원 | M68: 요정 | N68: 바람
I69: =ISTEXT(E69) -> FALSE | K69: 스타1 | L69: 혈맹원 | M69: 마법사
I70: =ISTEXT(E70) -> FALSE
I71: =ISTEXT(E71) -> FALSE
I72: =ISTEXT(E72) -> FALSE
I73: =ISTEXT(E73) -> FALSE
I74: =ISTEXT(E74) -> FALSE
I75: =ISTEXT(E75) -> FALSE
I76: =ISTEXT(E76) -> FALSE
I77: =ISTEXT(E77) -> FALSE
I78: =ISTEXT(E78) -> FALSE
I79: =ISTEXT(E79) -> FALSE
I80: =ISTEXT(E80) -> FALSE
I81: =ISTEXT(E81) -> FALSE
... I150: =ISTEXT(E150) -> FALSE

Sheet 보탐 참여율
A1: =IFERROR(__xludf.DUMMYFUNCTION("FILTER('혈맹원 정보'!A2:A1000, '혈맹원 정보'!A2:A1000<>"""")"),"개백수") -> 개백수 | B1: FALSE | C1: =IF(Z1="","",COUNTIF('건들지말것'!A:A,Z1)) -> 126 | D1: =C1/$H$1 -> 0.35492958 | E1: =IFERROR(VLOOKUP(TRIM(A1), '혈맹원 정보'!A:C, 3, FALSE), "") -> 기사 | F1: FALSE | G1: FALSE | H1: 355 | X1: =ISTEXT(Z1) -> TRUE | Z1: {=IF(A1="","", IFERROR( INDEX('혈맹원 정보'!E$2:E1000, MATCH(A1, '혈맹원 정보'!A$2:A1000, 0) ), ""))} -> 1053683139056255027
A2: =IFERROR(__xludf.DUMMYFUNCTION("""COMPUTED_VALUE"""),"김현지") -> 김현지 | B2: FALSE | C2: =IF(Z2="","",COUNTIF('건들지말것'!A:A,Z2)) -> 79 | D2: =C2/$H$1 -> 0.22253521 | E2: =IFERROR(VLOOKUP(TRIM(A2), '혈맹원 정보'!A:C, 3, FALSE), "") -> 마법사 | F2: FALSE | G2: 26.05.04.19시 | I2: 26.5.4일19시부터 보탐 자동체크 | X2: =ISTEXT(Z2) -> TRUE | Z2: {=IF(A2="","", IFERROR( INDEX('혈맹원 정보'!E$2:E1000, MATCH(A2, '혈맹원 정보'!A$2:A1000, 0) ), ""))} -> 1482308176677437453
A3: =IFERROR(__xludf.DUMMYFUNCTION("""COMPUTED_VALUE"""),"꽃냥") -> 꽃냥 | B3: FALSE | C3: =IF(Z3="","",COUNTIF('건들지말것'!A:A,Z3)) -> 34 | D3: =C3/$H$1 -> 0.095774648 | E3: =IFERROR(VLOOKUP(TRIM(A3), '혈맹원 정보'!A:C, 3, FALSE), "") -> 기사 | F3: FALSE | X3: =ISTEXT(Z3) -> TRUE | Z3: {=IF(A3="","", IFERROR( INDEX('혈맹원 정보'!E$2:E1000, MATCH(A3, '혈맹원 정보'!A$2:A1000, 0) ), ""))} -> 1346882990118273115
A4: =IFERROR(__xludf.DUMMYFUNCTION("""COMPUTED_VALUE"""),"다뢰") -> 다뢰 | B4: FALSE | C4: =IF(Z4="","",COUNTIF('건들지말것'!A:A,Z4)) -> 26 | D4: =C4/$H$1 -> 0.073239437 | E4: =IFERROR(VLOOKUP(TRIM(A4), '혈맹원 정보'!A:C, 3, FALSE), "") -> 요정 | F4: FALSE | X4: =ISTEXT(Z4) -> TRUE | Z4: {=IF(A4="","", IFERROR( INDEX('혈맹원 정보'!E$2:E1000, MATCH(A4, '혈맹원 정보'!A$2:A1000, 0) ), ""))} -> 376298390822060034
A5: =IFERROR(__xludf.DUMMYFUNCTION("""COMPUTED_VALUE"""),"닥스") -> 닥스 | B5: FALSE | C5: =IF(Z5="","",COUNTIF('건들지말것'!A:A,Z5)) -> 76 | D5: =C5/$H$1 -> 0.21408451 | E5: =IFERROR(VLOOKUP(TRIM(A5), '혈맹원 정보'!A:C, 3, FALSE), "") -> 요정 | F5: FALSE | X5: =ISTEXT(Z5) -> TRUE | Z5: {=IF(A5="","", IFERROR( INDEX('혈맹원 정보'!E$2:E1000, MATCH(A5, '혈맹원 정보'!A$2:A1000, 0) ), ""))} -> 312126990935130124
A6: =IFERROR(__xludf.DUMMYFUNCTION("""COMPUTED_VALUE"""),"당구장") -> 당구장 | B6: FALSE | C6: =IF(Z6="","",COUNTIF('건들지말것'!A:A,Z6)) -> 59 | D6: =C6/$H$1 -> 0.16619718 | E6: =IFERROR(VLOOKUP(TRIM(A6), '혈맹원 정보'!A:C, 3, FALSE), "") -> 요정 | F6: FALSE | G6: 월별 보탐참여율 기록 | X6: =ISTEXT(Z6) -> TRUE | Z6: {=IF(A6="","", IFERROR( INDEX('혈맹원 정보'!E$2:E1000, MATCH(A6, '혈맹원 정보'!A$2:A1000, 0) ), ""))} -> 1262879302110937170
A7: =IFERROR(__xludf.DUMMYFUNCTION("""COMPUTED_VALUE"""),"대곡주") -> 대곡주 | B7: FALSE | C7: =IF(Z7="","",COUNTIF('건들지말것'!A:A,Z7)) -> 158 | D7: =C7/$H$1 -> 0.44507042 | E7: =IFERROR(VLOOKUP(TRIM(A7), '혈맹원 정보'!A:C, 3, FALSE), "") -> 요정 | F7: FALSE | X7: =ISTEXT(Z7) -> TRUE | Z7: {=IF(A7="","", IFERROR( INDEX('혈맹원 정보'!E$2:E1000, MATCH(A7, '혈맹원 정보'!A$2:A1000, 0) ), ""))} -> 1331168014845874209
A8: =IFERROR(__xludf.DUMMYFUNCTION("""COMPUTED_VALUE"""),"덱스") -> 덱스 | B8: FALSE | C8: =IF(Z8="","",COUNTIF('건들지말것'!A:A,Z8)) -> 38 | D8: =C8/$H$1 -> 0.10704225 | E8: =IFERROR(VLOOKUP(TRIM(A8), '혈맹원 정보'!A:C, 3, FALSE), "") -> 기사 | F8: FALSE | G8: FALSE | X8: =ISTEXT(Z8) -> TRUE | Z8: {=IF(A8="","", IFERROR( INDEX('혈맹원 정보'!E$2:E1000, MATCH(A8, '혈맹원 정보'!A$2:A1000, 0) ), ""))} -> 569894354504777749
A9: =IFERROR(__xludf.DUMMYFUNCTION("""COMPUTED_VALUE"""),"두끗") -> 두끗 | B9: FALSE | C9: =IF(Z9="","",COUNTIF('건들지말것'!A:A,Z9)) -> 100 | D9: =C9/$H$1 -> 0.28169014 | E9: =IFERROR(VLOOKUP(TRIM(A9), '혈맹원 정보'!A:C, 3, FALSE), "") -> 요정 | F9: FALSE | X9: =ISTEXT(Z9) -> TRUE | Z9: {=IF(A9="","", IFERROR( INDEX('혈맹원 정보'!E$2:E1000, MATCH(A9, '혈맹원 정보'!A$2:A1000, 0) ), ""))} -> 388675531538956289
A10: =IFERROR(__xludf.DUMMYFUNCTION("""COMPUTED_VALUE"""),"두둥탁") -> 두둥탁 | B10: FALSE | C10: =IF(Z10="","",COUNTIF('건들지말것'!A:A,Z10)) -> 53 | D10: =C10/$H$1 -> 0.14929577 | E10: =IFERROR(VLOOKUP(TRIM(A10), '혈맹원 정보'!A:C, 3, FALSE), "") -> 마법사 | F10: FALSE | G10: FALSE | X10: =ISTEXT(Z10) -> TRUE | Z10: {=IF(A10="","", IFERROR( INDEX('혈맹원 정보'!E$2:E1000, MATCH(A10, '혈맹원 정보'!A$2:A1000, 0) ), ""))} -> 790465405164453908
A11: =IFERROR(__xludf.DUMMYFUNCTION("""COMPUTED_VALUE"""),"드레이크") -> 드레이크 | B11: FALSE | C11: =IF(Z11="","",COUNTIF('건들지말것'!A:A,Z11)) -> 14 | D11: =C11/$H$1 -> 0.03943662 | E11: =IFERROR(VLOOKUP(TRIM(A11), '혈맹원 정보'!A:C, 3, FALSE), "") -> 기사 | F11: FALSE | X11: =ISTEXT(Z11) -> TRUE | Z11: {=IF(A11="","", IFERROR( INDEX('혈맹원 정보'!E$2:E1000, MATCH(A11, '혈맹원 정보'!A$2:A1000, 0) ), ""))} -> 711844803767435315
A12: =IFERROR(__xludf.DUMMYFUNCTION("""COMPUTED_VALUE"""),"드레이크1") -> 드레이크1 | B12: FALSE | C12: =IF(Z12="","",COUNTIF('건들지말것'!A:A,Z12)) -> 110 | D12: =C12/$H$1 -> 0.30985915 | E12: =IFERROR(VLOOKUP(TRIM(A12), '혈맹원 정보'!A:C, 3, FALSE), "") -> 기사 | F12: FALSE | X12: =ISTEXT(Z12) -> TRUE | Z12: {=IF(A12="","", IFERROR( INDEX('혈맹원 정보'!E$2:E1000, MATCH(A12, '혈맹원 정보'!A$2:A1000, 0) ), ""))} -> 382752304962469890
A13: =IFERROR(__xludf.DUMMYFUNCTION("""COMPUTED_VALUE"""),"또가스") -> 또가스 | B13: FALSE | C13: =IF(Z13="","",COUNTIF('건들지말것'!A:A,Z13)) -> 58 | D13: =C13/$H$1 -> 0.16338028 | E13: =IFERROR(VLOOKUP(TRIM(A13), '혈맹원 정보'!A:C, 3, FALSE), "") -> 요정 | F13: FALSE | X13: =ISTEXT(Z13) -> TRUE | Z13: {=IF(A13="","", IFERROR( INDEX('혈맹원 정보'!E$2:E1000, MATCH(A13, '혈맹원 정보'!A$2:A1000, 0) ), ""))} -> 426032303555477505
A14: =IFERROR(__xludf.DUMMYFUNCTION("""COMPUTED_VALUE"""),"레오나르도") -> 레오나르도 | B14: FALSE | C14: =IF(Z14="","",COUNTIF('건들지말것'!A:A,Z14)) -> 118 | D14: =C14/$H$1 -> 0.33239437 | E14: =IFERROR(VLOOKUP(TRIM(A14), '혈맹원 정보'!A:C, 3, FALSE), "") -> 요정 | F14: FALSE | X14: =ISTEXT(Z14) -> TRUE | Z14: {=IF(A14="","", IFERROR( INDEX('혈맹원 정보'!E$2:E1000, MATCH(A14, '혈맹원 정보'!A$2:A1000, 0) ), ""))} -> 330757131504582658
A15: =IFERROR(__xludf.DUMMYFUNCTION("""COMPUTED_VALUE"""),"민창") -> 민창 | B15: FALSE | C15: =IF(Z15="","",COUNTIF('건들지말것'!A:A,Z15)) -> 80 | D15: =C15/$H$1 -> 0.22535211 | E15: =IFERROR(VLOOKUP(TRIM(A15), '혈맹원 정보'!A:C, 3, FALSE), "") -> 요정 | F15: FALSE | X15: =ISTEXT(Z15) -> TRUE | Z15: {=IF(A15="","", IFERROR( INDEX('혈맹원 정보'!E$2:E1000, MATCH(A15, '혈맹원 정보'!A$2:A1000, 0) ), ""))} -> 561208372171505683
A16: =IFERROR(__xludf.DUMMYFUNCTION("""COMPUTED_VALUE"""),"밀떡") -> 밀떡 | B16: FALSE | C16: =IF(Z16="","",COUNTIF('건들지말것'!A:A,Z16)) -> 98 | D16: =C16/$H$1 -> 0.27605634 | E16: =IFERROR(VLOOKUP(TRIM(A16), '혈맹원 정보'!A:C, 3, FALSE), "") -> 요정 | F16: FALSE | X16: =ISTEXT(Z16) -> TRUE | Z16: {=IF(A16="","", IFERROR( INDEX('혈맹원 정보'!E$2:E1000, MATCH(A16, '혈맹원 정보'!A$2:A1000, 0) ), ""))} -> 1483830618507841587
A17: =IFERROR(__xludf.DUMMYFUNCTION("""COMPUTED_VALUE"""),"뱀") -> 뱀 | B17: FALSE | C17: =IF(Z17="","",COUNTIF('건들지말것'!A:A,Z17)) -> 17 | D17: =C17/$H$1 -> 0.047887324 | E17: =IFERROR(VLOOKUP(TRIM(A17), '혈맹원 정보'!A:C, 3, FALSE), "") -> 마법사 | F17: FALSE | X17: =ISTEXT(Z17) -> TRUE | Z17: {=IF(A17="","", IFERROR( INDEX('혈맹원 정보'!E$2:E1000, MATCH(A17, '혈맹원 정보'!A$2:A1000, 0) ), ""))} -> 442636969193766924
A18: =IFERROR(__xludf.DUMMYFUNCTION("""COMPUTED_VALUE"""),"복식") -> 복식 | B18: FALSE | C18: =IF(Z18="","",COUNTIF('건들지말것'!A:A,Z18)) -> 1 | D18: =C18/$H$1 -> 0.0028169014 | E18: =IFERROR(VLOOKUP(TRIM(A18), '혈맹원 정보'!A:C, 3, FALSE), "") -> 요정 | F18: FALSE | X18: =ISTEXT(Z18) -> TRUE | Z18: {=IF(A18="","", IFERROR( INDEX('혈맹원 정보'!E$2:E1000, MATCH(A18, '혈맹원 정보'!A$2:A1000, 0) ), ""))} -> 1108135082461511814
A19: =IFERROR(__xludf.DUMMYFUNCTION("""COMPUTED_VALUE"""),"비에고") -> 비에고 | B19: FALSE | C19: =IF(Z19="","",COUNTIF('건들지말것'!A:A,Z19)) -> 42 | D19: =C19/$H$1 -> 0.11830986 | E19: =IFERROR(VLOOKUP(TRIM(A19), '혈맹원 정보'!A:C, 3, FALSE), "") -> 기사 | F19: FALSE | X19: =ISTEXT(Z19) -> TRUE | Z19: {=IF(A19="","", IFERROR( INDEX('혈맹원 정보'!E$2:E1000, MATCH(A19, '혈맹원 정보'!A$2:A1000, 0) ), ""))} -> 939455236739837982
A20: =IFERROR(__xludf.DUMMYFUNCTION("""COMPUTED_VALUE"""),"새롬") -> 새롬 | B20: FALSE | C20: =IF(Z20="","",COUNTIF('건들지말것'!A:A,Z20)) -> 26 | D20: =C20/$H$1 -> 0.073239437 | E20: =IFERROR(VLOOKUP(TRIM(A20), '혈맹원 정보'!A:C, 3, FALSE), "") -> 요정 | F20: FALSE | X20: =ISTEXT(Z20) -> TRUE | Z20: {=IF(A20="","", IFERROR( INDEX('혈맹원 정보'!E$2:E1000, MATCH(A20, '혈맹원 정보'!A$2:A1000, 0) ), ""))} -> 914856849310900234
A21: =IFERROR(__xludf.DUMMYFUNCTION("""COMPUTED_VALUE"""),"세끗") -> 세끗 | B21: FALSE | C21: =IF(Z21="","",COUNTIF('건들지말것'!A:A,Z21)) -> 83 | D21: =C21/$H$1 -> 0.23380282 | E21: =IFERROR(VLOOKUP(TRIM(A21), '혈맹원 정보'!A:C, 3, FALSE), "") -> 요정 | F21: FALSE | X21: =ISTEXT(Z21) -> TRUE | Z21: {=IF(A21="","", IFERROR( INDEX('혈맹원 정보'!E$2:E1000, MATCH(A21, '혈맹원 정보'!A$2:A1000, 0) ), ""))} -> 1490259813962350592
A22: =IFERROR(__xludf.DUMMYFUNCTION("""COMPUTED_VALUE"""),"세이버") -> 세이버 | B22: FALSE | C22: =IF(Z22="","",COUNTIF('건들지말것'!A:A,Z22)) -> 117 | D22: =C22/$H$1 -> 0.32957746 | E22: =IFERROR(VLOOKUP(TRIM(A22), '혈맹원 정보'!A:C, 3, FALSE), "") -> 요정 | F22: FALSE | X22: =ISTEXT(Z22) -> TRUE | Z22: {=IF(A22="","", IFERROR( INDEX('혈맹원 정보'!E$2:E1000, MATCH(A22, '혈맹원 정보'!A$2:A1000, 0) ), ""))} -> 1278304254955884730
A23: =IFERROR(__xludf.DUMMYFUNCTION("""COMPUTED_VALUE"""),"스타") -> 스타 | B23: FALSE | C23: =IF(Z23="","",COUNTIF('건들지말것'!A:A,Z23)) -> 0 | D23: =C23/$H$1 -> 0 | E23: =IFERROR(VLOOKUP(TRIM(A23), '혈맹원 정보'!A:C, 3, FALSE), "") -> 마법사 | F23: FALSE | X23: =ISTEXT(Z23) -> TRUE | Z23: {=IF(A23="","", IFERROR( INDEX('혈맹원 정보'!E$2:E1000, MATCH(A23, '혈맹원 정보'!A$2:A1000, 0) ), ""))} -> 397696170346151946
A24: =IFERROR(__xludf.DUMMYFUNCTION("""COMPUTED_VALUE"""),"스타1") -> 스타1 | B24: FALSE | C24: =IF(Z24="","",COUNTIF('건들지말것'!A:A,Z24)) -> 147 | D24: =C24/$H$1 -> 0.41408451 | E24: =IFERROR(VLOOKUP(TRIM(A24), '혈맹원 정보'!A:C, 3, FALSE), "") -> 마법사 | F24: FALSE | X24: =ISTEXT(Z25) -> TRUE | Z24: {=IF(A24="","", IFERROR( INDEX('혈맹원 정보'!E$2:E1000, MATCH(A24, '혈맹원 정보'!A$2:A1000, 0) ), ""))} -> 612606740541997066
A25: =IFERROR(__xludf.DUMMYFUNCTION("""COMPUTED_VALUE"""),"스팸라이트") -> 스팸라이트 | B25: FALSE | C25: =IF(Z25="","",COUNTIF('건들지말것'!A:A,Z25)) -> 0 | D25: =C25/$H$1 -> 0 | E25: =IFERROR(VLOOKUP(TRIM(A25), '혈맹원 정보'!A:C, 3, FALSE), "") -> 요정 | F25: FALSE | X25: =ISTEXT(Z26) -> TRUE | Z25: {=IF(A25="","", IFERROR( INDEX('혈맹원 정보'!E$2:E1000, MATCH(A25, '혈맹원 정보'!A$2:A1000, 0) ), ""))} -> 1489588682376613888
A26: =IFERROR(__xludf.DUMMYFUNCTION("""COMPUTED_VALUE"""),"시드랏슈") -> 시드랏슈 | B26: FALSE | C26: =IF(Z26="","",COUNTIF('건들지말것'!A:A,Z26)) -> 92 | D26: =C26/$H$1 -> 0.25915493 | E26: =IFERROR(VLOOKUP(TRIM(A26), '혈맹원 정보'!A:C, 3, FALSE), "") -> 마법사 | F26: FALSE | X26: =ISTEXT(Z27) -> TRUE | Z26: {=IF(A26="","", IFERROR( INDEX('혈맹원 정보'!E$2:E1000, MATCH(A26, '혈맹원 정보'!A$2:A1000, 0) ), ""))} -> 583263839856885770
A27: =IFERROR(__xludf.DUMMYFUNCTION("""COMPUTED_VALUE"""),"시진핑") -> 시진핑 | B27: FALSE | C27: =IF(Z27="","",COUNTIF('건들지말것'!A:A,Z27)) -> 0 | D27: =C27/$H$1 -> 0 | E27: =IFERROR(VLOOKUP(TRIM(A27), '혈맹원 정보'!A:C, 3, FALSE), "") -> 마법사 | F27: FALSE | X27: =ISTEXT(Z27) -> TRUE | Z27: {=IF(A27="","", IFERROR( INDEX('혈맹원 정보'!E$2:E1000, MATCH(A27, '혈맹원 정보'!A$2:A1000, 0) ), ""))} -> 1343575157842640957
A28: =IFERROR(__xludf.DUMMYFUNCTION("""COMPUTED_VALUE"""),"신문") -> 신문 | B28: FALSE | C28: =IF(Z28="","",COUNTIF('건들지말것'!A:A,Z28)) -> 144 | D28: =C28/$H$1 -> 0.4056338 | E28: =IFERROR(VLOOKUP(TRIM(A28), '혈맹원 정보'!A:C, 3, FALSE), "") -> 요정 | F28: FALSE | X28: =ISTEXT(Z28) -> TRUE | Z28: {=IF(A28="","", IFERROR( INDEX('혈맹원 정보'!E$2:E1000, MATCH(A28, '혈맹원 정보'!A$2:A1000, 0) ), ""))} -> 661750424591663134
A29: =IFERROR(__xludf.DUMMYFUNCTION("""COMPUTED_VALUE"""),"쌀떡") -> 쌀떡 | B29: FALSE | C29: =IF(Z29="","",COUNTIF('건들지말것'!A:A,Z29)) -> 30 | D29: =C29/$H$1 -> 0.084507042 | E29: =IFERROR(VLOOKUP(TRIM(A29), '혈맹원 정보'!A:C, 3, FALSE), "") -> 요정 | F29: FALSE | X29: =ISTEXT(Z29) -> TRUE | Z29: {=IF(A29="","", IFERROR( INDEX('혈맹원 정보'!E$2:E1000, MATCH(A29, '혈맹원 정보'!A$2:A1000, 0) ), ""))} -> 1487057737832464544
A30: =IFERROR(__xludf.DUMMYFUNCTION("""COMPUTED_VALUE"""),"쌀떡") -> 쌀떡 | B30: FALSE | C30: =IF(Z30="","",COUNTIF('건들지말것'!A:A,Z30)) -> 30 | D30: =C30/$H$1 -> 0.084507042 | E30: =IFERROR(VLOOKUP(TRIM(A30), '혈맹원 정보'!A:C, 3, FALSE), "") -> 요정 | F30: FALSE | X30: =ISTEXT(Z30) -> TRUE | Z30: {=IF(A30="","", IFERROR( INDEX('혈맹원 정보'!E$2:E1000, MATCH(A30, '혈맹원 정보'!A$2:A1000, 0) ), ""))} -> 1487057737832464544
A31: =IFERROR(__xludf.DUMMYFUNCTION("""COMPUTED_VALUE"""),"썽이") -> 썽이 | B31: FALSE | C31: =IF(Z31="","",COUNTIF('건들지말것'!A:A,Z31)) -> 141 | D31: =C31/$H$1 -> 0.3971831 | E31: =IFERROR(VLOOKUP(TRIM(A31), '혈맹원 정보'!A:C, 3, FALSE), "") -> 요정 | F31: FALSE | X31: =ISTEXT(Z31) -> TRUE | Z31: {=IF(A31="","", IFERROR( INDEX('혈맹원 정보'!E$2:E1000, MATCH(A31, '혈맹원 정보'!A$2:A1000, 0) ), ""))} -> 576257871612870656
A32: =IFERROR(__xludf.DUMMYFUNCTION("""COMPUTED_VALUE"""),"쑥떡") -> 쑥떡 | B32: FALSE | C32: =IF(Z32="","",COUNTIF('건들지말것'!A:A,Z32)) -> 1 | D32: =C32/$H$1 -> 0.0028169014 | E32: =IFERROR(VLOOKUP(TRIM(A32), '혈맹원 정보'!A:C, 3, FALSE), "") -> 요정 | F32: FALSE | X32: =ISTEXT(Z32) -> TRUE | Z32: {=IF(A32="","", IFERROR( INDEX('혈맹원 정보'!E$2:E1000, MATCH(A32, '혈맹원 정보'!A$2:A1000, 0) ), ""))} -> 373116772166926337
A33: =IFERROR(__xludf.DUMMYFUNCTION("""COMPUTED_VALUE"""),"아스테어") -> 아스테어 | B33: FALSE | C33: =IF(Z33="","",COUNTIF('건들지말것'!A:A,Z33)) -> 0 | D33: =C33/$H$1 -> 0 | E33: =IFERROR(VLOOKUP(TRIM(A33), '혈맹원 정보'!A:C, 3, FALSE), "") -> 기사 | F33: FALSE | X33: =ISTEXT(Z33) -> TRUE | Z33: {=IF(A33="","", IFERROR( INDEX('혈맹원 정보'!E$2:E1000, MATCH(A33, '혈맹원 정보'!A$2:A1000, 0) ), ""))} -> 538344294579437598
A34: =IFERROR(__xludf.DUMMYFUNCTION("""COMPUTED_VALUE"""),"악당") -> 악당 | B34: FALSE | C34: =IF(Z34="","",COUNTIF('건들지말것'!A:A,Z34)) -> 93 | D34: =C34/$H$1 -> 0.26197183 | E34: =IFERROR(VLOOKUP(TRIM(A34), '혈맹원 정보'!A:C, 3, FALSE), "") -> 요정 | F34: FALSE | X34: =ISTEXT(Z34) -> TRUE | Z34: {=IF(A34="","", IFERROR( INDEX('혈맹원 정보'!E$2:E1000, MATCH(A34, '혈맹원 정보'!A$2:A1000, 0) ), ""))} -> 366506563957030913
A35: =IFERROR(__xludf.DUMMYFUNCTION("""COMPUTED_VALUE"""),"악당1") -> 악당1 | B35: FALSE | C35: =IF(Z35="","",COUNTIF('건들지말것'!A:A,Z35)) -> 93 | D35: =C35/$H$1 -> 0.26197183 | E35: =IFERROR(VLOOKUP(TRIM(A35), '혈맹원 정보'!A:C, 3, FALSE), "") -> 요정 | F35: FALSE | X35: =ISTEXT(Z35) -> TRUE | Z35: {=IF(A35="","", IFERROR( INDEX('혈맹원 정보'!E$2:E1000, MATCH(A35, '혈맹원 정보'!A$2:A1000, 0) ), ""))} -> 366506563957030913
A36: =IFERROR(__xludf.DUMMYFUNCTION("""COMPUTED_VALUE"""),"어쩐지") -> 어쩐지 | B36: FALSE | C36: =IF(Z36="","",COUNTIF('건들지말것'!A:A,Z36)) -> 15 | D36: =C36/$H$1 -> 0.042253521 | E36: =IFERROR(VLOOKUP(TRIM(A36), '혈맹원 정보'!A:C, 3, FALSE), "") -> 마법사 | F36: FALSE | X36: =ISTEXT(Z36) -> TRUE | Z36: {=IF(A36="","", IFERROR( INDEX('혈맹원 정보'!E$2:E1000, MATCH(A36, '혈맹원 정보'!A$2:A1000, 0) ), ""))} -> 721281407288213544
A37: =IFERROR(__xludf.DUMMYFUNCTION("""COMPUTED_VALUE"""),"얼음여왕") -> 얼음여왕 | B37: FALSE | C37: =IF(Z37="","",COUNTIF('건들지말것'!A:A,Z37)) -> 41 | D37: =C37/$H$1 -> 0.11549296 | E37: =IFERROR(VLOOKUP(TRIM(A37), '혈맹원 정보'!A:C, 3, FALSE), "") -> 요정 | F37: FALSE | X37: =ISTEXT(Z37) -> TRUE | Z37: {=IF(A37="","", IFERROR( INDEX('혈맹원 정보'!E$2:E1000, MATCH(A37, '혈맹원 정보'!A$2:A1000, 0) ), ""))} -> 865842387347046440
A38: =IFERROR(__xludf.DUMMYFUNCTION("""COMPUTED_VALUE"""),"에바") -> 에바 | B38: FALSE | C38: =IF(Z38="","",COUNTIF('건들지말것'!A:A,Z38)) -> 0 | D38: =C38/$H$1 -> 0 | E38: =IFERROR(VLOOKUP(TRIM(A38), '혈맹원 정보'!A:C, 3, FALSE), "") -> 마법사 | F38: FALSE | X38: =ISTEXT(Z38) -> TRUE | Z38: {=IF(A38="","", IFERROR( INDEX('혈맹원 정보'!E$2:E1000, MATCH(A38, '혈맹원 정보'!A$2:A1000, 0) ), ""))} -> 1353407800679596115
A39: =IFERROR(__xludf.DUMMYFUNCTION("""COMPUTED_VALUE"""),"역도") -> 역도 | B39: FALSE | C39: =IF(Z39="","",COUNTIF('건들지말것'!A:A,Z39)) -> 0 | D39: =C39/$H$1 -> 0 | E39: =IFERROR(VLOOKUP(TRIM(A39), '혈맹원 정보'!A:C, 3, FALSE), "") -> 기사 | F39: FALSE | X39: =ISTEXT(Z39) -> TRUE | Z39: {=IF(A39="","", IFERROR( INDEX('혈맹원 정보'!E$2:E1000, MATCH(A39, '혈맹원 정보'!A$2:A1000, 0) ), ""))} -> 346930383591571457
A40: =IFERROR(__xludf.DUMMYFUNCTION("""COMPUTED_VALUE"""),"요요미") -> 요요미 | B40: FALSE | C40: =IF(Z40="","",COUNTIF('건들지말것'!A:A,Z40)) -> 0 | D40: =C40/$H$1 -> 0 | E40: =IFERROR(VLOOKUP(TRIM(A40), '혈맹원 정보'!A:C, 3, FALSE), "") -> 요정 | F40: FALSE | X40: =ISTEXT(Z40) -> TRUE | Z40: {=IF(A40="","", IFERROR( INDEX('혈맹원 정보'!E$2:E1000, MATCH(A40, '혈맹원 정보'!A$2:A1000, 0) ), ""))} -> 553214590926848000
A41: =IFERROR(__xludf.DUMMYFUNCTION("""COMPUTED_VALUE"""),"유니세프") -> 유니세프 | B41: FALSE | C41: =IF(Z41="","",COUNTIF('건들지말것'!A:A,Z41)) -> 94 | D41: =C41/$H$1 -> 0.26478873 | E41: =IFERROR(VLOOKUP(TRIM(A41), '혈맹원 정보'!A:C, 3, FALSE), "") -> 마법사 | F41: FALSE | X41: =ISTEXT(Z41) -> TRUE | Z41: {=IF(A41="","", IFERROR( INDEX('혈맹원 정보'!E$2:E1000, MATCH(A41, '혈맹원 정보'!A$2:A1000, 0) ), ""))} -> 986275047322816572
A42: =IFERROR(__xludf.DUMMYFUNCTION("""COMPUTED_VALUE"""),"육떡") -> 육떡 | B42: FALSE | C42: =IF(Z42="","",COUNTIF('건들지말것'!A:A,Z42)) -> 0 | D42: =C42/$H$1 -> 0 | E42: =IFERROR(VLOOKUP(TRIM(A42), '혈맹원 정보'!A:C, 3, FALSE), "") -> 요정 | F42: FALSE | X42: =ISTEXT(Z42) -> TRUE | Z42: {=IF(A42="","", IFERROR( INDEX('혈맹원 정보'!E$2:E1000, MATCH(A42, '혈맹원 정보'!A$2:A1000, 0) ), ""))} -> 335064580977852417
A43: =IFERROR(__xludf.DUMMYFUNCTION("""COMPUTED_VALUE"""),"윤짱") -> 윤짱 | B43: FALSE | C43: =IF(Z43="","",COUNTIF('건들지말것'!A:A,Z43)) -> 15 | D43: =C43/$H$1 -> 0.042253521 | E43: =IFERROR(VLOOKUP(TRIM(A43), '혈맹원 정보'!A:C, 3, FALSE), "") -> 요정 | F43: FALSE | X43: =ISTEXT(Z43) -> TRUE | Z43: {=IF(A43="","", IFERROR( INDEX('혈맹원 정보'!E$2:E1000, MATCH(A43, '혈맹원 정보'!A$2:A1000, 0) ), ""))} -> 505937958256246784
A44: =IFERROR(__xludf.DUMMYFUNCTION("""COMPUTED_VALUE"""),"이중") -> 이중 | B44: FALSE | C44: =IF(Z44="","",COUNTIF('건들지말것'!A:A,Z44)) -> 0 | D44: =C44/$H$1 -> 0 | E44: =IFERROR(VLOOKUP(TRIM(A44), '혈맹원 정보'!A:C, 3, FALSE), "") -> 기사 | F44: FALSE | X44: =ISTEXT(Z44) -> TRUE | Z44: {=IF(A44="","", IFERROR( INDEX('혈맹원 정보'!E$2:E1000, MATCH(A44, '혈맹원 정보'!A$2:A1000, 0) ), ""))} -> 853460881970036746
A45: =IFERROR(__xludf.DUMMYFUNCTION("""COMPUTED_VALUE"""),"자자") -> 자자 | B45: FALSE | C45: =IF(Z45="","",COUNTIF('건들지말것'!A:A,Z45)) -> 79 | D45: =C45/$H$1 -> 0.22253521 | E45: =IFERROR(VLOOKUP(TRIM(A45), '혈맹원 정보'!A:C, 3, FALSE), "") -> 기사 | F45: FALSE | X45: =ISTEXT(Z45) -> TRUE | Z45: {=IF(A45="","", IFERROR( INDEX('혈맹원 정보'!E$2:E1000, MATCH(A45, '혈맹원 정보'!A$2:A1000, 0) ), ""))} -> 1020371875743924264
A46: =IFERROR(__xludf.DUMMYFUNCTION("""COMPUTED_VALUE"""),"자자1") -> 자자1 | B46: FALSE | C46: =IF(Z46="","",COUNTIF('건들지말것'!A:A,Z46)) -> 10 | D46: =C46/$H$1 -> 0.028169014 | E46: =IFERROR(VLOOKUP(TRIM(A46), '혈맹원 정보'!A:C, 3, FALSE), "") -> 요정 | F46: FALSE | X46: =ISTEXT(Z46) -> TRUE | Z46: {=IF(A46="","", IFERROR( INDEX('혈맹원 정보'!E$2:E1000, MATCH(A46, '혈맹원 정보'!A$2:A1000, 0) ), ""))} -> 844817980709011477
A47: =IFERROR(__xludf.DUMMYFUNCTION("""COMPUTED_VALUE"""),"잭스") -> 잭스 | B47: FALSE | C47: =IF(Z47="","",COUNTIF('건들지말것'!A:A,Z47)) -> 0 | D47: =C47/$H$1 -> 0 | E47: =IFERROR(VLOOKUP(TRIM(A47), '혈맹원 정보'!A:C, 3, FALSE), "") -> 마법사 | F47: FALSE | X47: =ISTEXT(Z47) -> TRUE | Z47: {=IF(A47="","", IFERROR( INDEX('혈맹원 정보'!E$2:E1000, MATCH(A47, '혈맹원 정보'!A$2:A1000, 0) ), ""))} -> 398886665118285824
A48: =IFERROR(__xludf.DUMMYFUNCTION("""COMPUTED_VALUE"""),"전생") -> 전생 | B48: FALSE | C48: =IF(Z48="","",COUNTIF('건들지말것'!A:A,Z48)) -> 0 | D48: =C48/$H$1 -> 0 | E48: =IFERROR(VLOOKUP(TRIM(A48), '혈맹원 정보'!A:C, 3, FALSE), "") -> 마법사 | F48: FALSE | X48: =ISTEXT(Z48) -> TRUE | Z48: {=IF(A48="","", IFERROR( INDEX('혈맹원 정보'!E$2:E1000, MATCH(A48, '혈맹원 정보'!A$2:A1000, 0) ), ""))} -> 331857804920881174
A49: =IFERROR(__xludf.DUMMYFUNCTION("""COMPUTED_VALUE"""),"졋탱") -> 졋탱 | B49: FALSE | C49: =IF(Z49="","",COUNTIF('건들지말것'!A:A,Z49)) -> 3 | D49: =C49/$H$1 -> 0.0084507042 | E49: =IFERROR(VLOOKUP(TRIM(A49), '혈맹원 정보'!A:C, 3, FALSE), "") -> 요정 | F49: FALSE | X49: =ISTEXT(Z49) -> TRUE | Z49: {=IF(A49="","", IFERROR( INDEX('혈맹원 정보'!E$2:E1000, MATCH(A49, '혈맹원 정보'!A$2:A1000, 0) ), ""))} -> 1066680050600120320
A50: =IFERROR(__xludf.DUMMYFUNCTION("""COMPUTED_VALUE"""),"주짱") -> 주짱 | B50: FALSE | C50: =IF(Z50="","",COUNTIF('건들지말것'!A:A,Z50)) -> 168 | D50: =C50/$H$1 -> 0.47323944 | E50: =IFERROR(VLOOKUP(TRIM(A50), '혈맹원 정보'!A:C, 3, FALSE), "") -> 요정 | F50: FALSE | X50: =ISTEXT(Z50) -> TRUE | Z50: {=IF(A50="","", IFERROR( INDEX('혈맹원 정보'!E$2:E1000, MATCH(A50, '혈맹원 정보'!A$2:A1000, 0) ), ""))} -> 759374340306632705
A51: =IFERROR(__xludf.DUMMYFUNCTION("""COMPUTED_VALUE"""),"쥬드") -> 쥬드 | B51: FALSE | C51: =IF(Z51="","",COUNTIF('건들지말것'!A:A,Z51)) -> 92 | D51: =C51/$H$1 -> 0.25915493 | E51: =IFERROR(VLOOKUP(TRIM(A51), '혈맹원 정보'!A:C, 3, FALSE), "") -> 요정 | F51: FALSE | X51: =ISTEXT(Z51) -> TRUE | Z51: {=IF(A51="","", IFERROR( INDEX('혈맹원 정보'!E$2:E1000, MATCH(A51, '혈맹원 정보'!A$2:A1000, 0) ), ""))} -> 886218457845223474
A52: =IFERROR(__xludf.DUMMYFUNCTION("""COMPUTED_VALUE"""),"최민우") -> 최민우 | B52: FALSE | C52: =IF(Z52="","",COUNTIF('건들지말것'!A:A,Z52)) -> 11 | D52: =C52/$H$1 -> 0.030985915 | E52: =IFERROR(VLOOKUP(TRIM(A52), '혈맹원 정보'!A:C, 3, FALSE), "") -> 기사 | F52: FALSE | X52: =ISTEXT(Z52) -> TRUE | Z52: {=IF(A52="","", IFERROR( INDEX('혈맹원 정보'!E$2:E1000, MATCH(A52, '혈맹원 정보'!A$2:A1000, 0) ), ""))} -> 1482709604847718581
A53: =IFERROR(__xludf.DUMMYFUNCTION("""COMPUTED_VALUE"""),"최선미") -> 최선미 | B53: FALSE | C53: =IF(Z53="","",COUNTIF('건들지말것'!A:A,Z53)) -> 190 | D53: =C53/$H$1 -> 0.53521127 | E53: =IFERROR(VLOOKUP(TRIM(A53), '혈맹원 정보'!A:C, 3, FALSE), "") -> 요정 | F53: FALSE | X53: =ISTEXT(Z53) -> TRUE | Z53: {=IF(A53="","", IFERROR( INDEX('혈맹원 정보'!E$2:E1000, MATCH(A53, '혈맹원 정보'!A$2:A1000, 0) ), ""))} -> 1211512803706540084
A54: =IFERROR(__xludf.DUMMYFUNCTION("""COMPUTED_VALUE"""),"턳") -> 턳 | B54: FALSE | C54: =IF(Z54="","",COUNTIF('건들지말것'!A:A,Z54)) -> 0 | D54: =C54/$H$1 -> 0 | E54: =IFERROR(VLOOKUP(TRIM(A54), '혈맹원 정보'!A:C, 3, FALSE), "") -> 마법사 | F54: FALSE | X54: =ISTEXT(Z54) -> TRUE | Z54: {=IF(A54="","", IFERROR( INDEX('혈맹원 정보'!E$2:E1000, MATCH(A54, '혈맹원 정보'!A$2:A1000, 0) ), ""))} -> 1213641288390414410
A55: =IFERROR(__xludf.DUMMYFUNCTION("""COMPUTED_VALUE"""),"파아그리오") -> 파아그리오 | B55: FALSE | C55: =IF(Z55="","",COUNTIF('건들지말것'!A:A,Z55)) -> 0 | D55: =C55/$H$1 -> 0 | E55: =IFERROR(VLOOKUP(TRIM(A55), '혈맹원 정보'!A:C, 3, FALSE), "") -> 요정 | F55: FALSE | X55: =ISTEXT(Z55) -> TRUE | Z55: {=IF(A55="","", IFERROR( INDEX('혈맹원 정보'!E$2:E1000, MATCH(A55, '혈맹원 정보'!A$2:A1000, 0) ), ""))} -> 420889565725851649
A56: =IFERROR(__xludf.DUMMYFUNCTION("""COMPUTED_VALUE"""),"팽자") -> 팽자 | B56: FALSE | C56: =IF(Z56="","",COUNTIF('건들지말것'!A:A,Z56)) -> 134 | D56: =C56/$H$1 -> 0.37746479 | E56: =IFERROR(VLOOKUP(TRIM(A56), '혈맹원 정보'!A:C, 3, FALSE), "") -> 요정 | F56: FALSE | X56: =ISTEXT(Z56) -> TRUE | Z56: {=IF(A56="","", IFERROR( INDEX('혈맹원 정보'!E$2:E1000, MATCH(A56, '혈맹원 정보'!A$2:A1000, 0) ), ""))} -> 1261275854508396708
A57: =IFERROR(__xludf.DUMMYFUNCTION("""COMPUTED_VALUE"""),"포카칩") -> 포카칩 | B57: FALSE | C57: =IF(Z57="","",COUNTIF('건들지말것'!A:A,Z57)) -> 14 | D57: =C57/$H$1 -> 0.03943662 | E57: =IFERROR(VLOOKUP(TRIM(A57), '혈맹원 정보'!A:C, 3, FALSE), "") -> 군주 | F57: FALSE | X57: =ISTEXT(Z57) -> TRUE | Z57: {=IF(A57="","", IFERROR( INDEX('혈맹원 정보'!E$2:E1000, MATCH(A57, '혈맹원 정보'!A$2:A1000, 0) ), ""))} -> 711844803767435315
A58: =IFERROR(__xludf.DUMMYFUNCTION("""COMPUTED_VALUE"""),"하아이") -> 하아이 | B58: FALSE | C58: =IF(Z58="","",COUNTIF('건들지말것'!A:A,Z58)) -> 198 | D58: =C58/$H$1 -> 0.55774648 | E58: =IFERROR(VLOOKUP(TRIM(A58), '혈맹원 정보'!A:C, 3, FALSE), "") -> 요정 | F58: FALSE | X58: =ISTEXT(Z58) -> TRUE | Z58: {=IF(A58="","", IFERROR( INDEX('혈맹원 정보'!E$2:E1000, MATCH(A58, '혈맹원 정보'!A$2:A1000, 0) ), ""))} -> 322353660938158081
A59: =IFERROR(__xludf.DUMMYFUNCTION("""COMPUTED_VALUE"""),"한끗") -> 한끗 | B59: FALSE | C59: =IF(Z59="","",COUNTIF('건들지말것'!A:A,Z59)) -> 79 | D59: =C59/$H$1 -> 0.22253521 | E59: =IFERROR(VLOOKUP(TRIM(A59), '혈맹원 정보'!A:C, 3, FALSE), "") -> 요정 | F59: FALSE | X59: =ISTEXT(Z59) -> TRUE | Z59: {=IF(A59="","", IFERROR( INDEX('혈맹원 정보'!E$2:E1000, MATCH(A59, '혈맹원 정보'!A$2:A1000, 0) ), ""))} -> 368726909011361793
A60: =IFERROR(__xludf.DUMMYFUNCTION("""COMPUTED_VALUE"""),"해하") -> 해하 | B60: FALSE | C60: =IF(Z60="","",COUNTIF('건들지말것'!A:A,Z60)) -> 8 | D60: =C60/$H$1 -> 0.022535211 | E60: =IFERROR(VLOOKUP(TRIM(A60), '혈맹원 정보'!A:C, 3, FALSE), "") -> 요정 | F60: FALSE | X60: =ISTEXT(Z60) -> TRUE | Z60: {=IF(A60="","", IFERROR( INDEX('혈맹원 정보'!E$2:E1000, MATCH(A60, '혈맹원 정보'!A$2:A1000, 0) ), ""))} -> 1392309791916818543
A61: =IFERROR(__xludf.DUMMYFUNCTION("""COMPUTED_VALUE"""),"화장실") -> 화장실 | B61: FALSE | C61: =IF(Z61="","",COUNTIF('건들지말것'!A:A,Z61)) -> 66 | D61: =C61/$H$1 -> 0.18591549 | E61: =IFERROR(VLOOKUP(TRIM(A61), '혈맹원 정보'!A:C, 3, FALSE), "") -> 요정 | F61: FALSE | X61: =ISTEXT(Z61) -> TRUE | Z61: {=IF(A61="","", IFERROR( INDEX('혈맹원 정보'!E$2:E1000, MATCH(A61, '혈맹원 정보'!A$2:A1000, 0) ), ""))} -> 496286834309988381
A62: =IFERROR(__xludf.DUMMYFUNCTION("""COMPUTED_VALUE"""),"ECO") -> ECO | B62: FALSE | C62: =IF(Z62="","",COUNTIF('건들지말것'!A:A,Z62)) -> 183 | D62: =C62/$H$1 -> 0.51549296 | E62: =IFERROR(VLOOKUP(TRIM(A62), '혈맹원 정보'!A:C, 3, FALSE), "") -> 요정 | F62: FALSE | X62: =ISTEXT(Z62) -> TRUE | Z62: {=IF(A62="","", IFERROR( INDEX('혈맹원 정보'!E$2:E1000, MATCH(A62, '혈맹원 정보'!A$2:A1000, 0) ), ""))} -> 1005629884246282301
A63: =IFERROR(__xludf.DUMMYFUNCTION("""COMPUTED_VALUE"""),"OSAKA") -> OSAKA | B63: FALSE | C63: =IF(Z63="","",COUNTIF('건들지말것'!A:A,Z63)) -> 173 | D63: =C63/$H$1 -> 0.48732394 | E63: =IFERROR(VLOOKUP(TRIM(A63), '혈맹원 정보'!A:C, 3, FALSE), "") -> 요정 | F63: FALSE | X63: =ISTEXT(Z63) -> TRUE | Z63: {=IF(A63="","", IFERROR( INDEX('혈맹원 정보'!E$2:E1000, MATCH(A63, '혈맹원 정보'!A$2:A1000, 0) ), ""))} -> 310008488245985292
B64: FALSE | C64: =IF(Z64="","",COUNTIF('건들지말것'!A:A,Z64)) | D64: =C64/$H$1 -> 0 | E64: =IFERROR(VLOOKUP(TRIM(A64), '혈맹원 정보'!A:C, 3, FALSE), "") | F64: FALSE | X64: =ISTEXT(Z64) -> TRUE | Z64: {=IF(A64="","", IFERROR( INDEX('혈맹원 정보'!E$2:E1000, MATCH(A64, '혈맹원 정보'!A$2:A1000, 0) ), ""))}
B65: FALSE | C65: =IF(Z65="","",COUNTIF('건들지말것'!A:A,Z65)) | D65: =C65/$H$1 -> 0 | E65: =IFERROR(VLOOKUP(TRIM(A65), '혈맹원 정보'!A:C, 3, FALSE), "") | F65: FALSE | X65: =ISTEXT(Z65) -> TRUE | Z65: {=IF(A65="","", IFERROR( INDEX('혈맹원 정보'!E$2:E1000, MATCH(A65, '혈맹원 정보'!A$2:A1000, 0) ), ""))}
B66: FALSE | C66: =IF(Z66="","",COUNTIF('건들지말것'!A:A,Z66)) | D66: =C66/$H$1 -> 0 | E66: =IFERROR(VLOOKUP(TRIM(A66), '혈맹원 정보'!A:C, 3, FALSE), "") | F66: FALSE | Z66: {=IF(A66="","", IFERROR( INDEX('혈맹원 정보'!E$2:E1000, MATCH(A66, '혈맹원 정보'!A$2:A1000, 0) ), ""))}
B67: FALSE | C67: =IF(Z67="","",COUNTIF('건들지말것'!A:A,Z67)) | D67: =C67/$H$1 -> 0 | E67: =IFERROR(VLOOKUP(TRIM(A67), '혈맹원 정보'!A:C, 3, FALSE), "") | F67: FALSE | Z67: {=IF(A67="","", IFERROR( INDEX('혈맹원 정보'!E$2:E1000, MATCH(A67, '혈맹원 정보'!A$2:A1000, 0) ), ""))}
B68: FALSE | C68: =IF(Z68="","",COUNTIF('건들지말것'!A:A,Z68)) | D68: =C68/$H$1 -> 0 | E68: =IFERROR(VLOOKUP(TRIM(A68), '혈맹원 정보'!A:C, 3, FALSE), "") | F68: FALSE | Z68: {=IF(A68="","", IFERROR( INDEX('혈맹원 정보'!E$2:E1000, MATCH(A68, '혈맹원 정보'!A$2:A1000, 0) ), ""))}
B69: FALSE | C69: =IF(Z69="","",COUNTIF('건들지말것'!A:A,Z69)) | D69: =C69/$H$1 -> 0 | E69: =IFERROR(VLOOKUP(TRIM(A69), '혈맹원 정보'!A:C, 3, FALSE), "") | F69: FALSE | Z69: {=IF(A69="","", IFERROR( INDEX('혈맹원 정보'!E$2:E1000, MATCH(A69, '혈맹원 정보'!A$2:A1000, 0) ), ""))}
B70: FALSE | C70: =IF(Z70="","",COUNTIF('건들지말것'!A:A,Z70)) | D70: =C70/$H$1 -> 0 | E70: =IFERROR(VLOOKUP(TRIM(A70), '혈맹원 정보'!A:C, 3, FALSE), "") | F70: FALSE | Z70: {=IF(A70="","", IFERROR( INDEX('혈맹원 정보'!E$2:E1000, MATCH(A70, '혈맹원 정보'!A$2:A1000, 0) ), ""))}
B71: FALSE | C71: =IF(Z71="","",COUNTIF('건들지말것'!A:A,Z71)) | D71: =C71/$H$1 -> 0 | E71: =IFERROR(VLOOKUP(TRIM(A71), '혈맹원 정보'!A:C, 3, FALSE), "") | F71: FALSE | Z71: {=IF(A71="","", IFERROR( INDEX('혈맹원 정보'!E$2:E1000, MATCH(A71, '혈맹원 정보'!A$2:A1000, 0) ), ""))}
B72: FALSE | C72: =IF(Z72="","",COUNTIF('건들지말것'!A:A,Z72)) | D72: =C72/$H$1 -> 0 | E72: =IFERROR(VLOOKUP(TRIM(A72), '혈맹원 정보'!A:C, 3, FALSE), "") | F72: FALSE | Z72: {=IF(A72="","", IFERROR( INDEX('혈맹원 정보'!E$2:E1000, MATCH(A72, '혈맹원 정보'!A$2:A1000, 0) ), ""))}
B73: FALSE | C73: =IF(Z73="","",COUNTIF('건들지말것'!A:A,Z73)) | D73: =C73/$H$1 -> 0 | E73: =IFERROR(VLOOKUP(TRIM(A73), '혈맹원 정보'!A:C, 3, FALSE), "") | F73: FALSE | Z73: {=IF(A73="","", IFERROR( INDEX('혈맹원 정보'!E$2:E1000, MATCH(A73, '혈맹원 정보'!A$2:A1000, 0) ), ""))}
B74: FALSE | C74: =IF(Z74="","",COUNTIF('건들지말것'!A:A,Z74)) | D74: =C74/$H$1 -> 0 | E74: =IFERROR(VLOOKUP(TRIM(A74), '혈맹원 정보'!A:C, 3, FALSE), "") | F74: FALSE | Z74: {=IF(A74="","", IFERROR( INDEX('혈맹원 정보'!E$2:E1000, MATCH(A74, '혈맹원 정보'!A$2:A1000, 0) ), ""))}
B75: FALSE | C75: =IF(Z75="","",COUNTIF('건들지말것'!A:A,Z75)) | D75: =C75/$H$1 -> 0 | E75: =IFERROR(VLOOKUP(TRIM(A75), '혈맹원 정보'!A:C, 3, FALSE), "") | F75: FALSE | Z75: {=IF(A75="","", IFERROR( INDEX('혈맹원 정보'!E$2:E1000, MATCH(A75, '혈맹원 정보'!A$2:A1000, 0) ), ""))}
B76: FALSE | C76: =IF(Z76="","",COUNTIF('건들지말것'!A:A,Z76)) | D76: =C76/$H$1 -> 0 | E76: =IFERROR(VLOOKUP(TRIM(A76), '혈맹원 정보'!A:C, 3, FALSE), "") | F76: FALSE | Z76: {=IF(A76="","", IFERROR( INDEX('혈맹원 정보'!E$2:E1000, MATCH(A76, '혈맹원 정보'!A$2:A1000, 0) ), ""))}
B77: FALSE | C77: =IF(Z77="","",COUNTIF('건들지말것'!A:A,Z77)) | D77: =C77/$H$1 -> 0 | E77: =IFERROR(VLOOKUP(TRIM(A77), '혈맹원 정보'!A:C, 3, FALSE), "") | F77: FALSE | Z77: {=IF(A77="","", IFERROR( INDEX('혈맹원 정보'!E$2:E1000, MATCH(A77, '혈맹원 정보'!A$2:A1000, 0) ), ""))}
B78: FALSE | C78: =IF(Z78="","",COUNTIF('건들지말것'!A:A,Z78)) | D78: =C78/$H$1 -> 0 | E78: =IFERROR(VLOOKUP(TRIM(A78), '혈맹원 정보'!A:C, 3, FALSE), "") | F78: FALSE | Z78: {=IF(A78="","", IFERROR( INDEX('혈맹원 정보'!E$2:E1000, MATCH(A78, '혈맹원 정보'!A$2:A1000, 0) ), ""))}
B79: FALSE | C79: =IF(Z79="","",COUNTIF('건들지말것'!A:A,Z79)) | D79: =C79/$H$1 -> 0 | E79: =IFERROR(VLOOKUP(TRIM(A79), '혈맹원 정보'!A:C, 3, FALSE), "") | F79: FALSE | Z79: {=IF(A79="","", IFERROR( INDEX('혈맹원 정보'!E$2:E1000, MATCH(A79, '혈맹원 정보'!A$2:A1000, 0) ), ""))}
B80: FALSE | C80: =IF(Z80="","",COUNTIF('건들지말것'!A:A,Z80)) | D80: =C80/$H$1 -> 0 | E80: =IFERROR(VLOOKUP(TRIM(A80), '혈맹원 정보'!A:C, 3, FALSE), "") | F80: FALSE | Z80: {=IF(A80="","", IFERROR( INDEX('혈맹원 정보'!E$2:E1000, MATCH(A80, '혈맹원 정보'!A$2:A1000, 0) ), ""))}
B81: FALSE | C81: =IF(Z81="","",COUNTIF('건들지말것'!A:A,Z81)) | D81: =C81/$H$1 -> 0 | E81: =IFERROR(VLOOKUP(TRIM(A81), '혈맹원 정보'!A:C, 3, FALSE), "") | F81: FALSE | Z81: {=IF(A81="","", IFERROR( INDEX('혈맹원 정보'!E$2:E1000, MATCH(A81, '혈맹원 정보'!A$2:A1000, 0) ), ""))}
B82: FALSE | C82: =IF(Z82="","",COUNTIF('건들지말것'!A:A,Z82)) | D82: =C82/$H$1 -> 0 | E82: =IFERROR(VLOOKUP(TRIM(A82), '혈맹원 정보'!A:C, 3, FALSE), "") | F82: FALSE | Z82: {=IF(A82="","", IFERROR( INDEX('혈맹원 정보'!E$2:E1000, MATCH(A82, '혈맹원 정보'!A$2:A1000, 0) ), ""))}
B83: FALSE | C83: =IF(Z83="","",COUNTIF('건들지말것'!A:A,Z83)) | D83: =C83/$H$1 -> 0 | E83: =IFERROR(VLOOKUP(TRIM(A83), '혈맹원 정보'!A:C, 3, FALSE), "") | F83: FALSE | Z83: {=IF(A83="","", IFERROR( INDEX('혈맹원 정보'!E$2:E1000, MATCH(A83, '혈맹원 정보'!A$2:A1000, 0) ), ""))}
B84: FALSE | C84: =IF(Z84="","",COUNTIF('건들지말것'!A:A,Z84)) | D84: =C84/$H$1 -> 0 | E84: =IFERROR(VLOOKUP(TRIM(A84), '혈맹원 정보'!A:C, 3, FALSE), "") | F84: FALSE | Z84: {=IF(A84="","", IFERROR( INDEX('혈맹원 정보'!E$2:E1000, MATCH(A84, '혈맹원 정보'!A$2:A1000, 0) ), ""))}
B85: FALSE | C85: =IF(Z85="","",COUNTIF('건들지말것'!A:A,Z85)) | D85: =C85/$H$1 -> 0 | E85: =IFERROR(VLOOKUP(TRIM(A85), '혈맹원 정보'!A:C, 3, FALSE), "") | F85: FALSE | Z85: {=IF(A85="","", IFERROR( INDEX('혈맹원 정보'!E$2:E1000, MATCH(A85, '혈맹원 정보'!A$2:A1000, 0) ), ""))}
B86: FALSE | C86: =IF(Z86="","",COUNTIF('건들지말것'!A:A,Z86)) | D86: =C86/$H$1 -> 0 | E86: =IFERROR(VLOOKUP(TRIM(A86), '혈맹원 정보'!A:C, 3, FALSE), "") | F86: FALSE | Z86: {=IF(A86="","", IFERROR( INDEX('혈맹원 정보'!E$2:E1000, MATCH(A86, '혈맹원 정보'!A$2:A1000, 0) ), ""))}
B87: FALSE | C87: =IF(Z87="","",COUNTIF('건들지말것'!A:A,Z87)) | D87: =C87/$H$1 -> 0 | E87: =IFERROR(VLOOKUP(TRIM(A87), '혈맹원 정보'!A:C, 3, FALSE), "") | F87: FALSE | Z87: {=IF(A87="","", IFERROR( INDEX('혈맹원 정보'!E$2:E1000, MATCH(A87, '혈맹원 정보'!A$2:A1000, 0) ), ""))}
B88: FALSE | C88: =IF(Z88="","",COUNTIF('건들지말것'!A:A,Z88)) | D88: =C88/$H$1 -> 0 | E88: =IFERROR(VLOOKUP(TRIM(A88), '혈맹원 정보'!A:C, 3, FALSE), "") | F88: FALSE | Z88: {=IF(A88="","", IFERROR( INDEX('혈맹원 정보'!E$2:E1000, MATCH(A88, '혈맹원 정보'!A$2:A1000, 0) ), ""))}
B89: FALSE | C89: =IF(Z89="","",COUNTIF('건들지말것'!A:A,Z89)) | D89: =C89/$H$1 -> 0 | E89: =IFERROR(VLOOKUP(TRIM(A89), '혈맹원 정보'!A:C, 3, FALSE), "") | F89: FALSE | Z89: {=IF(A89="","", IFERROR( INDEX('혈맹원 정보'!E$2:E1000, MATCH(A89, '혈맹원 정보'!A$2:A1000, 0) ), ""))}
B90: FALSE | C90: =IF(Z90="","",COUNTIF('건들지말것'!A:A,Z90)) | D90: =C90/$H$1 -> 0 | E90: =IFERROR(VLOOKUP(TRIM(A90), '혈맹원 정보'!A:C, 3, FALSE), "") | F90: FALSE | Z90: {=IF(A90="","", IFERROR( INDEX('혈맹원 정보'!E$2:E1000, MATCH(A90, '혈맹원 정보'!A$2:A1000, 0) ), ""))}
B91: FALSE | C91: =IF(Z91="","",COUNTIF('건들지말것'!A:A,Z91)) | D91: =C91/$H$1 -> 0 | E91: =IFERROR(VLOOKUP(TRIM(A91), '혈맹원 정보'!A:C, 3, FALSE), "") | F91: FALSE | Z91: {=IF(A91="","", IFERROR( INDEX('혈맹원 정보'!E$2:E1000, MATCH(A91, '혈맹원 정보'!A$2:A1000, 0) ), ""))}
B92: FALSE | C92: =IF(Z92="","",COUNTIF('건들지말것'!A:A,Z92)) | D92: =C92/$H$1 -> 0 | E92: =IFERROR(VLOOKUP(TRIM(A92), '혈맹원 정보'!A:C, 3, FALSE), "") | F92: FALSE | Z92: {=IF(A92="","", IFERROR( INDEX('혈맹원 정보'!E$2:E1000, MATCH(A92, '혈맹원 정보'!A$2:A1000, 0) ), ""))}
B93: FALSE | C93: =IF(Z93="","",COUNTIF('건들지말것'!A:A,Z93)) | D93: =C93/$H$1 -> 0 | E93: =IFERROR(VLOOKUP(TRIM(A93), '혈맹원 정보'!A:C, 3, FALSE), "") | F93: FALSE | Z93: {=IF(A93="","", IFERROR( INDEX('혈맹원 정보'!E$2:E1000, MATCH(A93, '혈맹원 정보'!A$2:A1000, 0) ), ""))}
B94: FALSE | C94: =IF(Z94="","",COUNTIF('건들지말것'!A:A,Z94)) | D94: =C94/$H$1 -> 0 | E94: =IFERROR(VLOOKUP(TRIM(A94), '혈맹원 정보'!A:C, 3, FALSE), "") | F94: FALSE | Z94: {=IF(A94="","", IFERROR( INDEX('혈맹원 정보'!E$2:E1000, MATCH(A94, '혈맹원 정보'!A$2:A1000, 0) ), ""))}
B95: FALSE | C95: =IF(Z95="","",COUNTIF('건들지말것'!A:A,Z95)) | D95: =C95/$H$1 -> 0 | E95: =IFERROR(VLOOKUP(TRIM(A95), '혈맹원 정보'!A:C, 3, FALSE), "") | F95: FALSE | Z95: {=IF(A95="","", IFERROR( INDEX('혈맹원 정보'!E$2:E1000, MATCH(A95, '혈맹원 정보'!A$2:A1000, 0) ), ""))}
B96: FALSE | C96: =IF(Z96="","",COUNTIF('건들지말것'!A:A,Z96)) | D96: =C96/$H$1 -> 0 | E96: =IFERROR(VLOOKUP(TRIM(A96), '혈맹원 정보'!A:C, 3, FALSE), "") | F96: FALSE | Z96: {=IF(A96="","", IFERROR( INDEX('혈맹원 정보'!E$2:E1000, MATCH(A96, '혈맹원 정보'!A$2:A1000, 0) ), ""))}
B97: FALSE | C97: =IF(Z97="","",COUNTIF('건들지말것'!A:A,Z97)) | D97: =C97/$H$1 -> 0 | E97: =IFERROR(VLOOKUP(TRIM(A97), '혈맹원 정보'!A:C, 3, FALSE), "") | F97: FALSE | Z97: {=IF(A97="","", IFERROR( INDEX('혈맹원 정보'!E$2:E1000, MATCH(A97, '혈맹원 정보'!A$2:A1000, 0) ), ""))}
B98: FALSE | C98: =IF(Z98="","",COUNTIF('건들지말것'!A:A,Z98)) | D98: =C98/$H$1 -> 0 | E98: =IFERROR(VLOOKUP(TRIM(A98), '혈맹원 정보'!A:C, 3, FALSE), "") | F98: FALSE | Z98: {=IF(A98="","", IFERROR( INDEX('혈맹원 정보'!E$2:E1000, MATCH(A98, '혈맹원 정보'!A$2:A1000, 0) ), ""))}
B99: FALSE | C99: =IF(Z99="","",COUNTIF('건들지말것'!A:A,Z99)) | D99: =C99/$H$1 -> 0 | E99: =IFERROR(VLOOKUP(TRIM(A99), '혈맹원 정보'!A:C, 3, FALSE), "") | F99: FALSE | Z99: {=IF(A99="","", IFERROR( INDEX('혈맹원 정보'!E$2:E1000, MATCH(A99, '혈맹원 정보'!A$2:A1000, 0) ), ""))}
B100: FALSE | C100: =IF(Z100="","",COUNTIF('건들지말것'!A:A,Z100)) | D100: =C100/$H$1 -> 0 | E100: =IFERROR(VLOOKUP(TRIM(A100), '혈맹원 정보'!A:C, 3, FALSE), "") | F100: FALSE | Z100: {=IF(A100="","", IFERROR( INDEX('혈맹원 정보'!E$2:E1000, MATCH(A100, '혈맹원 정보'!A$2:A1000, 0) ), ""))}
...

Sheet 아이템 분배 순서
A1: 기사 | D1: 요정 | G1: 마법사 | J1: 보는 방법 닉네임/참여율순위
A2: =IFERROR(__xludf.DUMMYFUNCTION("SORT( FILTER({'보탐 참여율'!A:A, '보탐 참여율'!D:D}, '보탐 참여율'!E:E=""기사""), 2, FALSE)"),"개백수") -> 개백수 | B2: =IFERROR(__xludf.DUMMYFUNCTION("""COMPUTED_VALUE"""),0.35492957746478876) -> 0.35492958 | D2: =IFERROR(__xludf.DUMMYFUNCTION("SORT( FILTER({'보탐 참여율'!A:A, '보탐 참여율'!D:D}, '보탐 참여율'!E:E=""요정""), 2, FALSE)"),"하아이") -> 하아이 | E2: =IFERROR(__xludf.DUMMYFUNCTION("""COMPUTED_VALUE"""),0.5577464788732395) -> 0.55774648 | G2: =IFERROR(__xludf.DUMMYFUNCTION("SORT( FILTER({'보탐 참여율'!A:A, '보탐 참여율'!D:D}, '보탐 참여율'!E:E=""마법사""), 2, FALSE)"),"스타1") -> 스타1 | H2: =IFERROR(__xludf.DUMMYFUNCTION("""COMPUTED_VALUE"""),0.4140845070422535) -> 0.41408451
A3: =IFERROR(__xludf.DUMMYFUNCTION("""COMPUTED_VALUE"""),"드레이크1") -> 드레이크1 | B3: =IFERROR(__xludf.DUMMYFUNCTION("""COMPUTED_VALUE"""),0.30985915492957744) -> 0.30985915 | D3: =IFERROR(__xludf.DUMMYFUNCTION("""COMPUTED_VALUE"""),"최선미") -> 최선미 | E3: =IFERROR(__xludf.DUMMYFUNCTION("""COMPUTED_VALUE"""),0.5352112676056338) -> 0.53521127 | G3: =IFERROR(__xludf.DUMMYFUNCTION("""COMPUTED_VALUE"""),"유니세프") -> 유니세프 | H3: =IFERROR(__xludf.DUMMYFUNCTION("""COMPUTED_VALUE"""),0.2647887323943662) -> 0.26478873
A4: =IFERROR(__xludf.DUMMYFUNCTION("""COMPUTED_VALUE"""),"자자") -> 자자 | B4: =IFERROR(__xludf.DUMMYFUNCTION("""COMPUTED_VALUE"""),0.22253521126760564) -> 0.22253521 | D4: =IFERROR(__xludf.DUMMYFUNCTION("""COMPUTED_VALUE"""),"ECO") -> ECO | E4: =IFERROR(__xludf.DUMMYFUNCTION("""COMPUTED_VALUE"""),0.5154929577464789) -> 0.51549296 | G4: =IFERROR(__xludf.DUMMYFUNCTION("""COMPUTED_VALUE"""),"시드랏슈") -> 시드랏슈 | H4: =IFERROR(__xludf.DUMMYFUNCTION("""COMPUTED_VALUE"""),0.2591549295774648) -> 0.25915493
A5: =IFERROR(__xludf.DUMMYFUNCTION("""COMPUTED_VALUE"""),"비에고") -> 비에고 | B5: =IFERROR(__xludf.DUMMYFUNCTION("""COMPUTED_VALUE"""),0.11830985915492957) -> 0.11830986 | D5: =IFERROR(__xludf.DUMMYFUNCTION("""COMPUTED_VALUE"""),"OSAKA") -> OSAKA | E5: =IFERROR(__xludf.DUMMYFUNCTION("""COMPUTED_VALUE"""),0.48732394366197185) -> 0.48732394 | G5: =IFERROR(__xludf.DUMMYFUNCTION("""COMPUTED_VALUE"""),"김현지") -> 김현지 | H5: =IFERROR(__xludf.DUMMYFUNCTION("""COMPUTED_VALUE"""),0.22253521126760564) -> 0.22253521
A6: =IFERROR(__xludf.DUMMYFUNCTION("""COMPUTED_VALUE"""),"덱스") -> 덱스 | B6: =IFERROR(__xludf.DUMMYFUNCTION("""COMPUTED_VALUE"""),0.10704225352112676) -> 0.10704225 | D6: =IFERROR(__xludf.DUMMYFUNCTION("""COMPUTED_VALUE"""),"주짱") -> 주짱 | E6: =IFERROR(__xludf.DUMMYFUNCTION("""COMPUTED_VALUE"""),0.4732394366197183) -> 0.47323944 | G6: =IFERROR(__xludf.DUMMYFUNCTION("""COMPUTED_VALUE"""),"두둥탁") -> 두둥탁 | H6: =IFERROR(__xludf.DUMMYFUNCTION("""COMPUTED_VALUE"""),0.14929577464788732) -> 0.14929577
A7: =IFERROR(__xludf.DUMMYFUNCTION("""COMPUTED_VALUE"""),"꽃냥") -> 꽃냥 | B7: =IFERROR(__xludf.DUMMYFUNCTION("""COMPUTED_VALUE"""),0.09577464788732394) -> 0.095774648 | D7: =IFERROR(__xludf.DUMMYFUNCTION("""COMPUTED_VALUE"""),"대곡주") -> 대곡주 | E7: =IFERROR(__xludf.DUMMYFUNCTION("""COMPUTED_VALUE"""),0.4450704225352113) -> 0.44507042 | G7: =IFERROR(__xludf.DUMMYFUNCTION("""COMPUTED_VALUE"""),"뱀") -> 뱀 | H7: =IFERROR(__xludf.DUMMYFUNCTION("""COMPUTED_VALUE"""),0.04788732394366197) -> 0.047887324
A8: =IFERROR(__xludf.DUMMYFUNCTION("""COMPUTED_VALUE"""),"드레이크") -> 드레이크 | B8: =IFERROR(__xludf.DUMMYFUNCTION("""COMPUTED_VALUE"""),0.03943661971830986) -> 0.03943662 | D8: =IFERROR(__xludf.DUMMYFUNCTION("""COMPUTED_VALUE"""),"신문") -> 신문 | E8: =IFERROR(__xludf.DUMMYFUNCTION("""COMPUTED_VALUE"""),0.4056338028169014) -> 0.4056338 | G8: =IFERROR(__xludf.DUMMYFUNCTION("""COMPUTED_VALUE"""),"어쩐지") -> 어쩐지 | H8: =IFERROR(__xludf.DUMMYFUNCTION("""COMPUTED_VALUE"""),0.04225352112676056) -> 0.042253521
A9: =IFERROR(__xludf.DUMMYFUNCTION("""COMPUTED_VALUE"""),"최민우") -> 최민우 | B9: =IFERROR(__xludf.DUMMYFUNCTION("""COMPUTED_VALUE"""),0.030985915492957747) -> 0.030985915 | D9: =IFERROR(__xludf.DUMMYFUNCTION("""COMPUTED_VALUE"""),"썽이") -> 썽이 | E9: =IFERROR(__xludf.DUMMYFUNCTION("""COMPUTED_VALUE"""),0.3971830985915493) -> 0.3971831 | G9: =IFERROR(__xludf.DUMMYFUNCTION("""COMPUTED_VALUE"""),"스타") -> 스타 | H9: =IFERROR(__xludf.DUMMYFUNCTION("""COMPUTED_VALUE"""),0.0) -> 0
A10: =IFERROR(__xludf.DUMMYFUNCTION("""COMPUTED_VALUE"""),"아스테어") -> 아스테어 | B10: =IFERROR(__xludf.DUMMYFUNCTION("""COMPUTED_VALUE"""),0.0) -> 0 | D10: =IFERROR(__xludf.DUMMYFUNCTION("""COMPUTED_VALUE"""),"팽자") -> 팽자 | E10: =IFERROR(__xludf.DUMMYFUNCTION("""COMPUTED_VALUE"""),0.37746478873239436) -> 0.37746479 | G10: =IFERROR(__xludf.DUMMYFUNCTION("""COMPUTED_VALUE"""),"시진핑") -> 시진핑 | H10: =IFERROR(__xludf.DUMMYFUNCTION("""COMPUTED_VALUE"""),0.0) -> 0
A11: =IFERROR(__xludf.DUMMYFUNCTION("""COMPUTED_VALUE"""),"역도") -> 역도 | B11: =IFERROR(__xludf.DUMMYFUNCTION("""COMPUTED_VALUE"""),0.0) -> 0 | D11: =IFERROR(__xludf.DUMMYFUNCTION("""COMPUTED_VALUE"""),"레오나르도") -> 레오나르도 | E11: =IFERROR(__xludf.DUMMYFUNCTION("""COMPUTED_VALUE"""),0.3323943661971831) -> 0.33239437 | G11: =IFERROR(__xludf.DUMMYFUNCTION("""COMPUTED_VALUE"""),"에바") -> 에바 | H11: =IFERROR(__xludf.DUMMYFUNCTION("""COMPUTED_VALUE"""),0.0) -> 0
A12: =IFERROR(__xludf.DUMMYFUNCTION("""COMPUTED_VALUE"""),"이중") -> 이중 | B12: =IFERROR(__xludf.DUMMYFUNCTION("""COMPUTED_VALUE"""),0.0) -> 0 | D12: =IFERROR(__xludf.DUMMYFUNCTION("""COMPUTED_VALUE"""),"세이버") -> 세이버 | E12: =IFERROR(__xludf.DUMMYFUNCTION("""COMPUTED_VALUE"""),0.3295774647887324) -> 0.32957746 | G12: =IFERROR(__xludf.DUMMYFUNCTION("""COMPUTED_VALUE"""),"잭스") -> 잭스 | H12: =IFERROR(__xludf.DUMMYFUNCTION("""COMPUTED_VALUE"""),0.0) -> 0
D13: =IFERROR(__xludf.DUMMYFUNCTION("""COMPUTED_VALUE"""),"두끗") -> 두끗 | E13: =IFERROR(__xludf.DUMMYFUNCTION("""COMPUTED_VALUE"""),0.28169014084507044) -> 0.28169014 | G13: =IFERROR(__xludf.DUMMYFUNCTION("""COMPUTED_VALUE"""),"전생") -> 전생 | H13: =IFERROR(__xludf.DUMMYFUNCTION("""COMPUTED_VALUE"""),0.0) -> 0
D14: =IFERROR(__xludf.DUMMYFUNCTION("""COMPUTED_VALUE"""),"밀떡") -> 밀떡 | E14: =IFERROR(__xludf.DUMMYFUNCTION("""COMPUTED_VALUE"""),0.27605633802816903) -> 0.27605634 | G14: =IFERROR(__xludf.DUMMYFUNCTION("""COMPUTED_VALUE"""),"턳") -> 턳 | H14: =IFERROR(__xludf.DUMMYFUNCTION("""COMPUTED_VALUE"""),0.0) -> 0
D15: =IFERROR(__xludf.DUMMYFUNCTION("""COMPUTED_VALUE"""),"악당") -> 악당 | E15: =IFERROR(__xludf.DUMMYFUNCTION("""COMPUTED_VALUE"""),0.2619718309859155) -> 0.26197183
D16: =IFERROR(__xludf.DUMMYFUNCTION("""COMPUTED_VALUE"""),"악당1") -> 악당1 | E16: =IFERROR(__xludf.DUMMYFUNCTION("""COMPUTED_VALUE"""),0.2619718309859155) -> 0.26197183
D17: =IFERROR(__xludf.DUMMYFUNCTION("""COMPUTED_VALUE"""),"쥬드") -> 쥬드 | E17: =IFERROR(__xludf.DUMMYFUNCTION("""COMPUTED_VALUE"""),0.2591549295774648) -> 0.25915493
D18: =IFERROR(__xludf.DUMMYFUNCTION("""COMPUTED_VALUE"""),"세끗") -> 세끗 | E18: =IFERROR(__xludf.DUMMYFUNCTION("""COMPUTED_VALUE"""),0.23380281690140844) -> 0.23380282
D19: =IFERROR(__xludf.DUMMYFUNCTION("""COMPUTED_VALUE"""),"민창") -> 민창 | E19: =IFERROR(__xludf.DUMMYFUNCTION("""COMPUTED_VALUE"""),0.22535211267605634) -> 0.22535211
D20: =IFERROR(__xludf.DUMMYFUNCTION("""COMPUTED_VALUE"""),"한끗") -> 한끗 | E20: =IFERROR(__xludf.DUMMYFUNCTION("""COMPUTED_VALUE"""),0.22253521126760564) -> 0.22253521
D21: =IFERROR(__xludf.DUMMYFUNCTION("""COMPUTED_VALUE"""),"닥스") -> 닥스 | E21: =IFERROR(__xludf.DUMMYFUNCTION("""COMPUTED_VALUE"""),0.2140845070422535) -> 0.21408451
D22: =IFERROR(__xludf.DUMMYFUNCTION("""COMPUTED_VALUE"""),"화장실") -> 화장실 | E22: =IFERROR(__xludf.DUMMYFUNCTION("""COMPUTED_VALUE"""),0.18591549295774648) -> 0.18591549
D23: =IFERROR(__xludf.DUMMYFUNCTION("""COMPUTED_VALUE"""),"당구장") -> 당구장 | E23: =IFERROR(__xludf.DUMMYFUNCTION("""COMPUTED_VALUE"""),0.16619718309859155) -> 0.16619718
D24: =IFERROR(__xludf.DUMMYFUNCTION("""COMPUTED_VALUE"""),"또가스") -> 또가스 | E24: =IFERROR(__xludf.DUMMYFUNCTION("""COMPUTED_VALUE"""),0.16338028169014085) -> 0.16338028
D25: =IFERROR(__xludf.DUMMYFUNCTION("""COMPUTED_VALUE"""),"얼음여왕") -> 얼음여왕 | E25: =IFERROR(__xludf.DUMMYFUNCTION("""COMPUTED_VALUE"""),0.11549295774647887) -> 0.11549296
D26: =IFERROR(__xludf.DUMMYFUNCTION("""COMPUTED_VALUE"""),"쌀떡") -> 쌀떡 | E26: =IFERROR(__xludf.DUMMYFUNCTION("""COMPUTED_VALUE"""),0.08450704225352113) -> 0.084507042
D27: =IFERROR(__xludf.DUMMYFUNCTION("""COMPUTED_VALUE"""),"쌀떡") -> 쌀떡 | E27: =IFERROR(__xludf.DUMMYFUNCTION("""COMPUTED_VALUE"""),0.08450704225352113) -> 0.084507042
D28: =IFERROR(__xludf.DUMMYFUNCTION("""COMPUTED_VALUE"""),"다뢰") -> 다뢰 | E28: =IFERROR(__xludf.DUMMYFUNCTION("""COMPUTED_VALUE"""),0.07323943661971831) -> 0.073239437
D29: =IFERROR(__xludf.DUMMYFUNCTION("""COMPUTED_VALUE"""),"새롬") -> 새롬 | E29: =IFERROR(__xludf.DUMMYFUNCTION("""COMPUTED_VALUE"""),0.07323943661971831) -> 0.073239437
D30: =IFERROR(__xludf.DUMMYFUNCTION("""COMPUTED_VALUE"""),"윤짱") -> 윤짱 | E30: =IFERROR(__xludf.DUMMYFUNCTION("""COMPUTED_VALUE"""),0.04225352112676056) -> 0.042253521
D31: =IFERROR(__xludf.DUMMYFUNCTION("""COMPUTED_VALUE"""),"자자1") -> 자자1 | E31: =IFERROR(__xludf.DUMMYFUNCTION("""COMPUTED_VALUE"""),0.028169014084507043) -> 0.028169014
D32: =IFERROR(__xludf.DUMMYFUNCTION("""COMPUTED_VALUE"""),"해하") -> 해하 | E32: =IFERROR(__xludf.DUMMYFUNCTION("""COMPUTED_VALUE"""),0.022535211267605635) -> 0.022535211
D33: =IFERROR(__xludf.DUMMYFUNCTION("""COMPUTED_VALUE"""),"졋탱") -> 졋탱 | E33: =IFERROR(__xludf.DUMMYFUNCTION("""COMPUTED_VALUE"""),0.008450704225352112) -> 0.0084507042
D34: =IFERROR(__xludf.DUMMYFUNCTION("""COMPUTED_VALUE"""),"복식") -> 복식 | E34: =IFERROR(__xludf.DUMMYFUNCTION("""COMPUTED_VALUE"""),0.0028169014084507044) -> 0.0028169014
D35: =IFERROR(__xludf.DUMMYFUNCTION("""COMPUTED_VALUE"""),"쑥떡") -> 쑥떡 | E35: =IFERROR(__xludf.DUMMYFUNCTION("""COMPUTED_VALUE"""),0.0028169014084507044) -> 0.0028169014
D36: =IFERROR(__xludf.DUMMYFUNCTION("""COMPUTED_VALUE"""),"스팸라이트") -> 스팸라이트 | E36: =IFERROR(__xludf.DUMMYFUNCTION("""COMPUTED_VALUE"""),0.0) -> 0
D37: =IFERROR(__xludf.DUMMYFUNCTION("""COMPUTED_VALUE"""),"요요미") -> 요요미 | E37: =IFERROR(__xludf.DUMMYFUNCTION("""COMPUTED_VALUE"""),0.0) -> 0
D38: =IFERROR(__xludf.DUMMYFUNCTION("""COMPUTED_VALUE"""),"육떡") -> 육떡 | E38: =IFERROR(__xludf.DUMMYFUNCTION("""COMPUTED_VALUE"""),0.0) -> 0
D39: =IFERROR(__xludf.DUMMYFUNCTION("""COMPUTED_VALUE"""),"파아그리오") -> 파아그리오 | E39: =IFERROR(__xludf.DUMMYFUNCTION("""COMPUTED_VALUE"""),0.0) -> 0

Sheet 건들지말것
A1: 310008488245985292
A2: 312126990935130124
A3: 322353660938158081
A4: 376298390822060034
A5: 561208372171505683
A6: 612606740541997066
A7: 661750424591663134
A8: 759374340306632705
A9: 939455236739837982
A10: 1020371875743924264
A11: 1053683139056255027
A12: 1261275854508396708
... A3765: 1278304254955884730

Sheet 월별 보탐참여율
A1: 월별 보탐 참여율 순위 | D1: 46113
A2: 기사 | B2: 마법사 | C2: 요정 | D2: 순위
A3: =IFERROR(__xludf.DUMMYFUNCTION("IFERROR(INDEX(FILTER($W:$W,$T:$T=$D$1,$U:$U=""기사"",$V:$V=ROW()-2),1),"""")"),"비에고") -> 비에고 | B3: =IFERROR(__xludf.DUMMYFUNCTION("IFERROR(INDEX(FILTER($W:$W,$T:$T=$D$1,$U:$U=""마법사"",$V:$V=ROW()-2),1),"""")"),"스타") -> 스타 | C3: =IFERROR(__xludf.DUMMYFUNCTION("IFERROR(INDEX(FILTER($W:$W,$T:$T=$D$1,$U:$U=""요정"",$V:$V=ROW()-2),1),"""")"),"파도") -> 파도 | D3: 1위
A4: =IFERROR(__xludf.DUMMYFUNCTION("IFERROR(INDEX(FILTER($W:$W,$T:$T=$D$1,$U:$U=""기사"",$V:$V=ROW()-2),1),"""")"),"대위덕명왕") -> 대위덕명왕 | B4: =IFERROR(__xludf.DUMMYFUNCTION("IFERROR(INDEX(FILTER($W:$W,$T:$T=$D$1,$U:$U=""마법사"",$V:$V=ROW()-2),1),"""")"),"턳") -> 턳 | C4: =IFERROR(__xludf.DUMMYFUNCTION("IFERROR(INDEX(FILTER($W:$W,$T:$T=$D$1,$U:$U=""요정"",$V:$V=ROW()-2),1),"""")"),"복식") -> 복식 | D4: 2위
A5: =IFERROR(__xludf.DUMMYFUNCTION("IFERROR(INDEX(FILTER($W:$W,$T:$T=$D$1,$U:$U=""기사"",$V:$V=ROW()-2),1),"""")"),"수") -> 수 | B5: =IFERROR(__xludf.DUMMYFUNCTION("IFERROR(INDEX(FILTER($W:$W,$T:$T=$D$1,$U:$U=""마법사"",$V:$V=ROW()-2),1),"""")"),"시드랏슈") -> 시드랏슈 | C5: =IFERROR(__xludf.DUMMYFUNCTION("IFERROR(INDEX(FILTER($W:$W,$T:$T=$D$1,$U:$U=""요정"",$V:$V=ROW()-2),1),"""")"),"OSAKA") -> OSAKA | D5: 3위
A6: =IFERROR(__xludf.DUMMYFUNCTION("IFERROR(INDEX(FILTER($W:$W,$T:$T=$D$1,$U:$U=""기사"",$V:$V=ROW()-2),1),"""")"),"듀크데필") -> 듀크데필 | B6: =IFERROR(__xludf.DUMMYFUNCTION("IFERROR(INDEX(FILTER($W:$W,$T:$T=$D$1,$U:$U=""마법사"",$V:$V=ROW()-2),1),"""")"),"전생") -> 전생 | C6: =IFERROR(__xludf.DUMMYFUNCTION("IFERROR(INDEX(FILTER($W:$W,$T:$T=$D$1,$U:$U=""요정"",$V:$V=ROW()-2),1),"""")"),"신문") -> 신문 | D6: 4위
A7: =IFERROR(__xludf.DUMMYFUNCTION("IFERROR(INDEX(FILTER($W:$W,$T:$T=$D$1,$U:$U=""기사"",$V:$V=ROW()-2),1),"""")"),"이중") -> 이중 | B7: =IFERROR(__xludf.DUMMYFUNCTION("IFERROR(INDEX(FILTER($W:$W,$T:$T=$D$1,$U:$U=""마법사"",$V:$V=ROW()-2),1),"""")"),"두둥탁") -> 두둥탁 | C7: =IFERROR(__xludf.DUMMYFUNCTION("IFERROR(INDEX(FILTER($W:$W,$T:$T=$D$1,$U:$U=""요정"",$V:$V=ROW()-2),1),"""")"),"대곡주") -> 대곡주 | D7: 5위
A8: =IFERROR(__xludf.DUMMYFUNCTION("IFERROR(INDEX(FILTER($W:$W,$T:$T=$D$1,$U:$U=""기사"",$V:$V=ROW()-2),1),"""")"),"자자") -> 자자 | B8: =IFERROR(__xludf.DUMMYFUNCTION("IFERROR(INDEX(FILTER($W:$W,$T:$T=$D$1,$U:$U=""마법사"",$V:$V=ROW()-2),1),"""")"),"흑마술사") -> 흑마술사 | C8: =IFERROR(__xludf.DUMMYFUNCTION("IFERROR(INDEX(FILTER($W:$W,$T:$T=$D$1,$U:$U=""요정"",$V:$V=ROW()-2),1),"""")"),"요요미") -> 요요미 | D8: 6위
A9: =IFERROR(__xludf.DUMMYFUNCTION("IFERROR(INDEX(FILTER($W:$W,$T:$T=$D$1,$U:$U=""기사"",$V:$V=ROW()-2),1),"""")"),"르비") -> 르비 | B9: =IFERROR(__xludf.DUMMYFUNCTION("IFERROR(INDEX(FILTER($W:$W,$T:$T=$D$1,$U:$U=""마법사"",$V:$V=ROW()-2),1),"""")"),"교랑") -> 교랑 | C9: =IFERROR(__xludf.DUMMYFUNCTION("IFERROR(INDEX(FILTER($W:$W,$T:$T=$D$1,$U:$U=""요정"",$V:$V=ROW()-2),1),"""")"),"하아이") -> 하아이 | D9: 7위
A10: =IFERROR(__xludf.DUMMYFUNCTION("IFERROR(INDEX(FILTER($W:$W,$T:$T=$D$1,$U:$U=""기사"",$V:$V=ROW()-2),1),"""")"),"문다") -> 문다 | B10: =IFERROR(__xludf.DUMMYFUNCTION("IFERROR(INDEX(FILTER($W:$W,$T:$T=$D$1,$U:$U=""마법사"",$V:$V=ROW()-2),1),"""")"),"윤겔라") -> 윤겔라 | C10: =IFERROR(__xludf.DUMMYFUNCTION("IFERROR(INDEX(FILTER($W:$W,$T:$T=$D$1,$U:$U=""요정"",$V:$V=ROW()-2),1),"""")"),"주짱") -> 주짱 | D10: 8위
A11: =IFERROR(__xludf.DUMMYFUNCTION("IFERROR(INDEX(FILTER($W:$W,$T:$T=$D$1,$U:$U=""기사"",$V:$V=ROW()-2),1),"""")"),"저팔게") -> 저팔게 | B11: =IFERROR(__xludf.DUMMYFUNCTION("IFERROR(INDEX(FILTER($W:$W,$T:$T=$D$1,$U:$U=""마법사"",$V:$V=ROW()-2),1),"""")"),"어쩐지") -> 어쩐지 | C11: =IFERROR(__xludf.DUMMYFUNCTION("IFERROR(INDEX(FILTER($W:$W,$T:$T=$D$1,$U:$U=""요정"",$V:$V=ROW()-2),1),"""")"),"쓰레빠") -> 쓰레빠 | D11: 9위
A12: =IFERROR(__xludf.DUMMYFUNCTION("IFERROR(INDEX(FILTER($W:$W,$T:$T=$D$1,$U:$U=""기사"",$V:$V=ROW()-2),1),"""")"),"내가군터") -> 내가군터 | B12: =IFERROR(__xludf.DUMMYFUNCTION("IFERROR(INDEX(FILTER($W:$W,$T:$T=$D$1,$U:$U=""마법사"",$V:$V=ROW()-2),1),"""")"),"에바") -> 에바 | C12: =IFERROR(__xludf.DUMMYFUNCTION("IFERROR(INDEX(FILTER($W:$W,$T:$T=$D$1,$U:$U=""요정"",$V:$V=ROW()-2),1),"""")"),"ECO") -> ECO | D12: 10위
T13: 46113 | U13: 마법사 | V13: 1 | W13: 스타
T14: 46113 | U14: 마법사 | V14: 2 | W14: 턳
T15: 46113 | U15: 마법사 | V15: 3 | W15: 시드랏슈
T16: 46113 | U16: 마법사 | V16: 4 | W16: 전생
T17: 46113 | U17: 마법사 | V17: 5 | W17: 두둥탁
T18: 46113 | U18: 마법사 | V18: 6 | W18: 흑마술사
T19: 46113 | U19: 마법사 | V19: 7 | W19: 교랑
T20: 46113 | U20: 마법사 | V20: 8 | W20: 윤겔라
T21: 46113 | U21: 마법사 | V21: 9 | W21: 어쩐지
T22: 46113 | U22: 마법사 | V22: 10 | W22: 에바
T23: 46113 | U23: 요정 | V23: 1 | W23: 파도
T24: 46113 | U24: 요정 | V24: 2 | W24: 복식
... T105: 46113 | U105: 군주 | V105: 1 | W105: 포카칩

Sheet 애로사항
